Player,Seasons,Wins Added,WA / Season,Career LEBRON,Career O-LEBRON,Career D-LEBRON
LeBron James,12,171.5,14.3,+6.32,+5.42,+0.89
Chris Paul,12,138.3,11.5,+5.72,+4.52,+1.20
Kevin Durant,11,132.1,12.0,+5.23,+4.84,+0.39
Nikola Jokic,6,63.6,10.6,+4.85,+3.67,+1.18
Joel Embiid,5,36.4,7.3,+4.65,+2.54,+2.11
Kawhi Leonard,10,82.0,8.2,+4.65,+2.79,+1.86
James Harden,12,136.0,11.3,+4.57,+5.02,-0.45
Stephen Curry,12,118.0,9.8,+4.60,+4.59,+0.00
Rudy Gobert,8,71.2,8.9,+4.38,+0.33,+4.05
Anthony Davis,9,84.3,9.4,+4.29,+2.31,+1.99
Tim Duncan,7,61.3,8.8,+4.21,+0.73,+3.48
Giannis Antetokounmpo,8,78.9,9.9,+4.06,+2.15,+1.91
Russell Westbrook,12,120.0,10.0,+3.74,+3.55,+0.19
Dwight Howard,12,89.3,7.4,+3.40,+0.48,+2.92
Luka Doncic,3,25.2,8.4,+3.44,+4.17,-0.73
Paul George,11,87.9,8.0,+3.29,+1.96,+1.34
Kyle Lowry,12,97.2,8.1,+3.21,+2.61,+0.60
Damian Lillard,9,90.7,10.1,+3.21,+4.40,-1.19
Draymond Green,9,66.1,7.3,+3.20,+0.18,+3.02
Kevin Garnett,7,39.0,5.6,+3.15,-0.06,+3.21
Karl-Anthony Towns,6,51.1,8.5,+3.19,+2.88,+0.31
Jimmy Butler,10,76.0,7.6,+3.17,+2.36,+0.81
Hassan Whiteside,9,40.7,4.5,+3.02,+0.32,+2.70
Manu Ginobili,9,47.7,5.3,+2.99,+2.34,+0.64
Zion Williamson,2,9.8,4.9,+3.15,+3.48,-0.33
Mike Conley,12,83.3,6.9,+2.78,+2.33,+0.45
Jayson Tatum,4,32.0,8.0,+2.79,+1.45,+1.33
Kevin Love,12,71.4,5.9,+2.71,+2.64,+0.07
Paul Millsap,12,82.6,6.9,+2.72,+1.12,+1.60
Dirk Nowitzki,10,67.4,6.7,+2.59,+1.98,+0.61
LaMarcus Aldridge,12,91.8,7.6,+2.58,+1.72,+0.86
Blake Griffin,11,74.5,6.8,+2.59,+2.35,+0.24
Marc Gasol,12,83.8,7.0,+2.49,+0.31,+2.18
Jason Kidd,4,28.4,7.1,+2.44,+0.84,+1.59
Chris Bosh,7,49.5,7.1,+2.43,+1.42,+1.01
Dwyane Wade,10,64.0,6.4,+2.38,+2.40,-0.02
Steve Nash,5,27.8,5.6,+2.31,+3.55,-1.24
Kyrie Irving,10,60.4,6.0,+2.29,+3.24,-0.96
Pau Gasol,10,60.8,6.1,+2.22,+1.10,+1.12
Kristaps Porzingis,5,26.2,5.2,+2.09,+0.74,+1.35
Kobe Bryant,7,42.2,6.0,+2.18,+3.29,-1.11
Clint Capela,7,32.1,4.6,+2.23,+0.38,+1.86
DeAndre Jordan,12,72.9,6.1,+2.11,-0.07,+2.18
Kemba Walker,10,70.4,7.0,+2.14,+2.47,-0.33
DeMarcus Cousins,10,55.1,5.5,+2.10,+0.85,+1.25
Andre Drummond,9,57.9,6.4,+2.07,+0.21,+1.86
Ricky Rubio,10,56.5,5.6,+2.11,+1.01,+1.10
Paul Pierce,8,44.8,5.6,+2.08,+1.27,+0.81
Andrew Bogut,10,33.1,3.3,+2.04,-1.57,+3.61
Marcus Camby,4,15.8,3.9,+2.03,-1.06,+3.09
Deron Williams,8,51.7,6.5,+1.99,+2.70,-0.71
Josh Smith,8,46.7,5.8,+1.96,-0.09,+2.05
Danny Granger,6,24.5,4.1,+1.94,+1.86,+0.08
Jusuf Nurkic,7,23.6,3.4,+1.99,-0.45,+2.43
Al Horford,12,67.3,5.6,+1.92,+0.77,+1.16
Fred VanVleet,5,20.9,4.2,+1.93,+1.30,+0.62
John Wall,10,60.8,6.1,+1.86,+1.62,+0.25
Joakim Noah,11,41.8,3.8,+1.82,-0.25,+2.07
Bam Adebayo,4,21.6,5.4,+1.81,+0.18,+1.63
Nene,10,40.2,4.0,+1.81,+0.01,+1.80
Chris Andersen,8,17.9,2.2,+1.77,-0.37,+2.14
Michael Porter Jr.,2,8.4,4.2,+2.13,+1.86,+0.27
Chris Boucher,4,6.3,1.6,+1.58,+1.11,+0.47
Ben Simmons,4,25.5,6.4,+1.77,+0.62,+1.16
Andrew Bynum,4,16.4,4.1,+1.72,+0.26,+1.46
Danny Green,12,51.3,4.3,+1.65,+0.26,+1.40
Robert Covington,8,37.7,4.7,+1.68,-0.36,+2.04
Andre Iguodala,12,61.8,5.2,+1.64,+0.53,+1.11
Ben Wallace,3,11.1,3.7,+1.66,-1.70,+3.35
Baron Davis,3,12.6,4.2,+1.65,+1.37,+0.28
Christian Wood,5,8.1,1.6,+1.52,+0.79,+0.73
Danilo Gallinari,11,51.4,4.7,+1.60,+1.65,-0.06
Alan Williams,4,2.3,0.6,+1.60,+0.39,+1.21
Derrick White,4,12.7,3.2,+1.80,+0.86,+0.94
Tiago Splitter,7,17.7,2.5,+1.58,+0.05,+1.53
Boban Marjanovic,6,6.6,1.1,+1.59,+1.36,+0.23
George Hill,12,54.4,4.5,+1.54,+1.17,+0.37
Andrei Kirilenko,5,17.1,3.4,+1.57,+0.30,+1.27
Nikola Mirotic,5,19.9,4.0,+1.55,+1.22,+0.33
Brook Lopez,12,60.5,5.0,+1.57,+0.58,+0.99
Pascal Siakam,5,23.6,4.7,+1.53,+0.50,+1.04
Mitchell Robinson,3,9.4,3.1,+1.56,-0.33,+1.89
Eric Bledsoe,11,50.1,4.6,+1.51,+0.76,+0.74
Robert Williams III,3,4.0,1.3,+1.33,-0.18,+1.51
Anderson Varejao,9,19.8,2.2,+1.45,+0.03,+1.42
Donovan Mitchell,4,22.7,5.7,+1.32,+1.79,-0.47
Khris Middleton,9,46.8,5.2,+1.48,+1.11,+0.36
Lamar Odom,4,19.5,4.9,+1.41,+0.02,+1.39
Jrue Holiday,12,64.6,5.4,+1.47,+1.08,+0.39
Eric Moreland,4,2.2,0.6,+1.36,-1.84,+3.21
Gerald Wallace,6,28.5,4.7,+1.35,-0.38,+1.73
Andre Miller,7,28.3,4.0,+1.28,+1.58,-0.29
Salah Mejri,4,5.8,1.5,+1.27,-1.60,+2.87
Otto Porter Jr.,8,27.8,3.5,+1.25,+0.45,+0.80
David West,9,41.4,4.6,+1.25,+0.45,+0.80
Amir Johnson,10,39.1,3.9,+1.25,-0.22,+1.47
Serge Ibaka,12,57.1,4.8,+1.24,-0.27,+1.51
Jarrett Allen,4,16.4,4.1,+1.07,-0.21,+1.28
Zach Randolph,9,45.9,5.1,+1.23,+1.37,-0.14
Nikola Vucevic,10,48.8,4.9,+1.27,+0.25,+1.02
Chauncey Billups,5,14.5,2.9,+1.22,+2.38,-1.16
Isaiah Thomas,10,35.8,3.6,+1.21,+3.18,-1.97
Immanuel Quickley,1,2.7,2.7,+0.99,+1.73,-0.74
Shawn Long,1,0.5,0.5,+1.16,+1.54,-0.38
Donte DiVincenzo,3,8.6,2.9,+1.12,+0.01,+1.10
Klay Thompson,8,46.5,5.8,+1.11,+1.54,-0.42
Myles Turner,6,25.6,4.3,+1.13,-1.32,+2.44
Victor Oladipo,8,33.9,4.2,+1.09,+0.38,+0.71
Gordon Hayward,11,48.1,4.4,+1.08,+1.36,-0.28
Richaun Holmes,6,15.5,2.6,+1.08,+0.24,+0.84
Tyson Chandler,11,37.2,3.4,+1.06,-0.72,+1.77
Patrick Beverley,9,28.6,3.2,+1.00,+0.35,+0.65
Greg Oden,2,1.6,0.8,+1.03,-0.72,+1.75
Al Jefferson,9,38.0,4.2,+1.02,+0.51,+0.50
Derrick Favors,11,41.3,3.8,+1.02,-0.35,+1.37
Ty Lawson,8,35.6,4.4,+1.00,+2.09,-1.10
Dejounte Murray,4,13.4,3.3,+1.09,-0.27,+1.35
Nicolas Claxton,2,1.8,0.9,+1.10,-0.88,+1.98
Ivica Zubac,5,10.7,2.1,+0.91,-0.68,+1.59
Larry Sanders,6,10.1,1.7,+0.97,-2.34,+3.31
Brandon Roy,3,8.4,2.8,+0.97,+2.19,-1.23
Montrezl Harrell,6,17.7,3.0,+0.91,+0.90,+0.01
Kenneth Faried,8,25.6,3.2,+0.95,+0.84,+0.11
CJ McCollum,8,36.3,4.5,+0.98,+1.60,-0.61
Jeff Withey,5,4.5,0.9,+0.94,-0.69,+1.63
Jakob Poeltl,5,14.9,3.0,+1.15,-0.49,+1.64
Channing Frye,9,30.9,3.4,+0.94,+0.67,+0.27
Brandan Wright,8,12.8,1.6,+0.93,+0.42,+0.51
Carmelo Anthony,12,55.3,4.6,+0.92,+1.92,-1.00
Steven Adams,8,34.0,4.3,+0.91,-0.23,+1.13
Bradley Beal,9,46.3,5.1,+1.00,+1.87,-0.87
Luol Deng,10,42.4,4.2,+0.89,+0.50,+0.39
Brandon Clarke,2,6.0,3.0,+0.97,+0.22,+0.75
Joe Ingles,7,30.2,4.3,+0.91,+0.28,+0.63
Vince Carter,11,36.4,3.3,+0.88,+0.56,+0.31
Marcin Gortat,10,42.2,4.2,+0.88,-0.71,+1.59
Daniel Theis,4,11.3,2.8,+1.05,-0.55,+1.60
Lucas Nogueira,4,3.7,0.9,+0.82,-1.37,+2.19
Tony Allen,9,26.6,3.0,+0.81,-1.15,+1.96
Ryan Anderson,11,32.1,2.9,+0.81,+2.12,-1.32
Elton Brand,7,21.8,3.1,+0.80,-0.76,+1.56
Jonas Valanciunas,9,33.5,3.7,+0.84,+0.04,+0.81
Chris Chiozza,3,1.4,0.5,+0.81,+0.64,+0.17
Kyle O'Quinn,8,13.9,1.7,+0.78,-0.59,+1.37
De'Anthony Melton,3,6.7,2.2,+0.84,-0.36,+1.20
Matt Bonner,7,13.6,1.9,+0.74,+0.79,-0.04
Aaron Gordon,7,26.1,3.7,+0.72,+0.39,+0.33
Shane Battier,5,18.9,3.8,+0.72,-0.10,+0.82
Rasheed Wallace,2,4.2,2.1,+0.71,-1.37,+2.08
Domantas Sabonis,5,19.5,3.9,+0.71,-0.24,+0.95
Goran Dragic,12,46.1,3.8,+0.63,+1.49,-0.86
Jeff Foster,3,2.7,0.9,+0.69,-0.19,+0.88
Mason Plumlee,8,26.1,3.3,+0.70,-0.36,+1.06
Jae Crowder,9,33.1,3.7,+0.66,+0.27,+0.39
John Collins,4,14.1,3.5,+0.79,+0.81,-0.02
Jeff Teague,12,44.1,3.7,+0.67,+0.80,-0.13
Marcus Smart,7,25.9,3.7,+0.63,+0.04,+0.59
Jared Sullinger,5,12.9,2.6,+0.65,-0.09,+0.74
Metta World Peace,7,20.6,2.9,+0.65,-0.29,+0.94
Malcolm Brogdon,5,17.9,3.6,+0.71,+1.10,-0.39
Tony Parker,10,35.3,3.5,+0.64,+1.01,-0.37
Duncan Robinson,3,9.9,3.3,+0.90,+0.59,+0.31
Jamal Murray,5,20.0,4.0,+0.58,+1.35,-0.77
Tyus Jones,6,12.9,2.1,+0.51,+0.55,-0.04
Greg Monroe,9,34.2,3.8,+0.61,+0.66,-0.05
Jonathan Isaac,3,6.8,2.3,+0.61,-1.58,+2.19
Nikola Pekovic,6,13.1,2.2,+0.60,+0.42,+0.18
Derrick Rose,11,34.3,3.1,+0.61,+1.70,-1.09
Kyle Anderson,7,18.3,2.6,+0.70,-1.01,+1.70
Michael Kidd-Gilchrist,8,21.3,2.7,+0.59,-1.04,+1.63
Shaquille O'Neal,2,3.9,1.9,+0.58,-1.33,+1.91
Delon Wright,6,14.1,2.3,+0.64,+0.38,+0.26
Chandler Parsons,9,25.5,2.8,+0.57,+0.61,-0.04
Lonzo Ball,4,13.6,3.4,+0.60,-0.24,+0.84
Pierre Jackson,1,0.2,0.2,+0.55,+0.37,+0.18
Kelly Olynyk,8,25.1,3.1,+0.66,+0.07,+0.59
Nicolas Batum,12,47.7,4.0,+0.53,+0.55,-0.02
Amar'e Stoudemire,7,21.7,3.1,+0.53,+0.91,-0.38
Ray Allen,5,21.3,4.3,+0.53,+1.19,-0.66
Matt Mooney,1,0.0,0.0,+0.53,+0.01,+0.52
Naji Marshall,1,1.0,1.0,-0.16,-0.90,+0.74
Kyle Korver,11,36.2,3.3,+0.52,+0.60,-0.08
David Lee,8,30.6,3.8,+0.51,+0.75,-0.24
Larry Nance Jr.,6,15.8,2.6,+0.47,-0.63,+1.10
Antawn Jamison,5,15.4,3.1,+0.47,+1.30,-0.83
Alec Peters,1,0.4,0.4,+0.46,+0.70,-0.25
Rudy Gay,12,45.5,3.8,+0.45,+0.34,+0.11
Davis Bertans,5,12.0,2.4,+0.43,+0.70,-0.27
DeMar DeRozan,12,55.1,4.6,+0.44,+1.48,-1.04
Luke Kornet,4,3.8,0.9,+0.49,-0.35,+0.84
Spencer Dinwiddie,7,15.1,2.2,+0.43,+1.20,-0.77
Ersan Ilyasova,12,32.8,2.7,+0.42,+0.22,+0.20
Cody Zeller,8,19.6,2.5,+0.45,-0.54,+1.00
Morris Almond,1,0.1,0.1,+0.42,+0.08,+0.34
Rajon Rondo,12,38.2,3.2,+0.41,+0.11,+0.30
Jason Richardson,5,14.9,3.0,+0.42,+0.73,-0.32
Emeka Okafor,5,14.3,2.9,+0.42,-1.51,+1.93
Reggie Jackson,10,28.6,2.9,+0.42,+1.07,-0.65
Lou Williams,12,38.8,3.2,+0.37,+2.27,-1.91
Dwight Powell,7,14.5,2.1,+0.43,-0.26,+0.69
Andre Roberson,7,12.3,1.8,+0.40,-1.31,+1.72
Trae Young,3,12.8,4.3,+0.53,+3.62,-3.10
Gustavo Ayon,3,4.0,1.3,+0.38,-1.07,+1.44
JaVale McGee,12,20.9,1.7,+0.37,-0.70,+1.07
Thomas Bryant,4,5.3,1.3,+0.35,+0.07,+0.28
Brad Miller,3,5.6,1.9,+0.38,-0.24,+0.62
Carrick Felix,1,0.1,0.1,+0.37,+0.06,+0.31
Mikal Bridges,3,12.9,4.3,+0.52,-0.17,+0.69
Mario Chalmers,8,26.1,3.3,+0.36,-0.28,+0.64
Cory Jefferson,2,1.0,0.5,+0.36,-0.64,+0.99
DeMarre Carroll,11,24.3,2.2,+0.35,+0.09,+0.26
Ja Morant,2,8.2,4.1,+0.67,+1.43,-0.77
Mehmet Okur,3,4.9,1.6,+0.35,-0.22,+0.57
Josh Harrellson,3,1.6,0.5,+0.34,-0.89,+1.24
Alex Caruso,4,6.6,1.7,+0.53,-0.91,+1.44
Al-Farouq Aminu,11,31.2,2.8,+0.33,-0.91,+1.24
Trevor Ariza,12,46.5,3.9,+0.34,-0.20,+0.53
Malik Newman,1,0.0,0.0,+0.32,-0.05,+0.37
Chris Wright,3,0.6,0.2,+0.32,-0.04,+0.36
Patty Mills,12,25.0,2.1,+0.25,+1.16,-0.91
Tobias Harris,10,36.8,3.7,+0.31,+0.31,-0.00
Roy Hibbert,8,26.9,3.4,+0.30,-1.60,+1.90
Devin Harris,10,26.0,2.6,+0.30,+0.87,-0.57
Joe Johnson,9,37.1,4.1,+0.30,+1.36,-1.07
Nick Calathes,2,3.5,1.7,+0.29,-0.96,+1.25
Xavier Tillman,1,1.8,1.8,+0.16,-1.02,+1.18
JJ Redick,12,38.0,3.2,+0.28,+1.64,-1.36
Tacko Fall,2,0.3,0.2,+0.66,-0.34,+1.00
Mike Dunleavy,8,21.7,2.7,+0.28,+0.08,+0.20
Omer Asik,8,15.9,2.0,+0.28,-1.76,+2.04
Samuel Dalembert,6,14.6,2.4,+0.28,-1.78,+2.06
Nick Collison,9,16.1,1.8,+0.27,-0.62,+0.89
Eric Mika,1,0.0,0.0,+0.26,+0.07,+0.19
Elfrid Payton,7,21.1,3.0,+0.15,+0.36,-0.21
Taj Gibson,12,36.2,3.0,+0.27,-0.77,+1.04
Carlos Delfino,4,12.1,3.0,+0.24,-0.09,+0.33
Willie Warren,1,0.2,0.2,+0.24,-0.27,+0.51
Jameer Nelson,9,26.4,2.9,+0.23,+0.90,-0.67
Jeremy Evans,7,4.5,0.6,+0.23,-0.49,+0.72
Willie Cauley-Stein,6,15.2,2.5,+0.19,-1.05,+1.24
Matt Barnes,8,24.7,3.1,+0.23,+0.06,+0.17
Jordan Bell,4,3.2,0.8,+0.20,-0.71,+0.91
Pero Antic,2,3.3,1.7,+0.22,-0.03,+0.25
Jeremy Lin,9,20.6,2.3,+0.22,+0.03,+0.19
Brandon Jennings,9,28.4,3.2,+0.21,+1.16,-0.95
Jae'Sean Tate,1,2.6,2.6,-0.37,-0.17,-0.20
Adonis Thomas,1,0.1,0.1,+0.20,+0.03,+0.17
Royce O'Neale,4,12.7,3.2,+0.37,-1.01,+1.38
Cameron Johnson,2,4.7,2.4,+0.31,+0.25,+0.06
Ryan Bowen,1,0.0,0.0,+0.17,+0.10,+0.08
Dorell Wright,6,15.9,2.7,+0.16,+0.22,-0.06
Willie Reed,3,3.1,1.0,+0.15,-0.81,+0.95
Kyle Guy,2,0.3,0.1,-0.77,+0.10,-0.87
Jared Dudley,12,28.8,2.4,+0.14,+0.07,+0.07
Mo Bamba,3,3.7,1.2,+0.03,-1.49,+1.52
Wesley Matthews,12,42.8,3.6,+0.12,+0.37,-0.25
Devon Dotson,1,0.1,0.1,+0.43,+0.28,+0.15
Isaiah Hartenstein,3,1.9,0.6,+0.47,-0.46,+0.92
Dewayne Dedmon,8,12.1,1.5,+0.14,-1.35,+1.49
Orien Greene,1,0.0,0.0,+0.12,+0.09,+0.03
JR Smith,11,29.7,2.7,+0.12,+0.80,-0.68
Jeremiah Martin,2,0.2,0.1,-0.30,+0.01,-0.31
Tony Mitchell,2,0.1,0.1,+0.11,-0.05,+0.16
Jemerrio Jones,1,0.2,0.2,+0.11,-0.49,+0.60
Devonte' Graham,3,7.3,2.4,+0.11,+1.49,-1.38
Shayne Whittington,2,0.2,0.1,+0.11,+0.15,-0.05
Charlie Brown Jr.,2,0.2,0.1,-0.91,-0.68,-0.24
Kosta Koufos,10,17.2,1.7,+0.09,-1.24,+1.34
Larry Owens,2,0.3,0.2,+0.09,-0.32,+0.41
Ronny Turiaf,6,5.8,1.0,+0.09,-1.81,+1.90
David Wear,1,0.0,0.0,+0.09,+0.17,-0.08
Sim Bhullar,1,0.0,0.0,+0.08,+0.13,-0.04
Thaddeus Young,12,42.6,3.5,+0.07,-0.15,+0.22
Kelenna Azubuike,2,0.4,0.2,+0.08,+0.07,+0.02
Darington Hobson,1,0.1,0.1,+0.08,-0.07,+0.15
Pablo Prigioni,4,7.3,1.8,+0.08,-0.21,+0.29
Thabo Sefolosha,11,24.3,2.2,+0.07,-1.34,+1.41
Rondae Hollis-Jefferson,6,10.7,1.8,+0.07,-0.85,+0.92
David Stockton,2,0.1,0.0,+0.07,+0.17,-0.10
Ryan Reid,1,0.0,0.0,+0.06,+0.08,-0.03
Jack Cooley,2,0.3,0.1,+0.06,-0.04,+0.09
Keith Benson,1,0.0,0.0,+0.06,+0.03,+0.03
Darius Johnson-Odom,2,0.0,0.0,+0.05,-0.12,+0.17
Royce White,1,0.0,0.0,+0.05,-0.00,+0.06
Antonio Daniels,1,0.1,0.1,+0.05,+0.02,+0.03
Shane Edwards,1,0.0,0.0,+0.05,-0.24,+0.29
Jaylen Brown,5,14.3,2.9,-0.02,-0.18,+0.16
Tyreke Evans,10,28.7,2.9,+0.05,+0.82,-0.77
Joe Alexander,1,0.0,0.0,+0.04,+0.07,-0.03
Tony Bradley,4,2.5,0.6,+0.29,+0.04,+0.25
Wendell Carter Jr.,3,5.8,1.9,+0.01,-1.67,+1.69
Rudy Fernandez,3,6.2,2.1,+0.04,+0.18,-0.15
Jason Hart,1,0.0,0.0,+0.04,-0.11,+0.15
Deandre Ayton,3,9.4,3.1,+0.24,+0.03,+0.21
Vincent Hunter,1,0.0,0.0,+0.03,+0.06,-0.03
Cole Aldrich,8,5.3,0.7,+0.02,-1.62,+1.65
Othyus Jeffers,3,0.7,0.2,+0.02,-0.03,+0.05
CJ Miles,11,22.3,2.0,+0.01,+0.41,-0.40
De'Aaron Fox,4,12.8,3.2,+0.01,+0.92,-0.91
Shavlik Randolph,4,0.7,0.2,+0.01,-0.22,+0.23
Jeremy Lamb,9,16.9,1.9,-0.00,+0.12,-0.13
Marques Bolden,2,0.0,0.0,+0.03,-0.35,+0.38
Josh Akognon,1,0.0,0.0,-0.00,-0.04,+0.04
Kevon Looney,6,6.7,1.1,+0.03,-0.61,+0.63
Mike Harris,3,0.5,0.2,-0.01,-0.68,+0.67
Trey Gilder,1,0.0,0.0,-0.01,-0.05,+0.04
Gani Lawal,1,0.0,0.0,-0.01,+0.01,-0.02
Patrick Ewing,1,0.0,0.0,-0.01,-0.01,-0.00
Paul Davis,1,0.0,0.0,-0.01,+0.00,-0.01
Jaren Jackson Jr.,3,5.3,1.8,+0.05,-0.95,+1.00
Mangok Mathiang,1,0.0,0.0,-0.03,-0.28,+0.26
Dwayne Jones,1,0.0,0.0,-0.03,+0.03,-0.05
Jahmi'us Ramsey,1,0.1,0.1,-0.29,-0.01,-0.28
Carldell Johnson,1,0.2,0.2,-0.03,-0.35,+0.32
Gorgui Dieng,8,18.0,2.2,-0.04,-1.21,+1.17
Bruno Caboclo,7,2.0,0.3,-0.04,-0.64,+0.60
Josh Magette,2,0.4,0.2,-0.04,-0.07,+0.03
Marcus Paige,1,0.0,0.0,-0.05,-0.06,+0.02
Tahjere McCall,1,0.0,0.0,-0.05,-0.05,+0.01
Jalen Brunson,3,7.0,2.3,+0.12,+0.77,-0.65
Jarell Eddie,3,0.3,0.1,-0.05,+0.40,-0.45
Jordan Sibert,1,0.0,0.0,-0.06,+0.03,-0.09
Brendan Haywood,5,9.2,1.8,-0.06,-1.58,+1.52
Antonio Anderson,1,0.0,0.0,-0.07,-0.09,+0.02
Michael Gbinije,1,0.0,0.0,-0.08,-0.19,+0.10
Kentavious Caldwell-Pope,8,26.3,3.3,-0.07,+0.22,-0.29
Jeff Adrien,5,3.2,0.6,-0.09,-0.51,+0.42
Omari Johnson,1,0.1,0.1,-0.09,+0.29,-0.37
Steve Novak,8,6.0,0.7,-0.09,+1.07,-1.16
Josh Richardson,6,16.9,2.8,-0.09,-0.50,+0.40
Pape Sy,1,0.0,0.0,-0.10,-0.20,+0.10
Devin Cannady,1,0.1,0.1,-0.43,-0.43,+0.01
Talen Horton-Tucker,2,1.9,0.9,-0.30,-0.68,+0.38
Jeff Foote,1,0.1,0.1,-0.10,-0.02,-0.08
Nerlens Noel,7,13.7,2.0,-0.15,-2.65,+2.51
Ronald Dupree,1,0.0,0.0,-0.11,-0.08,-0.03
Robert Woodard II,1,0.1,0.1,-0.08,+0.05,-0.13
Jose Calderon,10,23.0,2.3,-0.12,+1.06,-1.18
Ray Spalding,2,0.2,0.1,-0.12,-0.55,+0.43
Roko Ukic,1,0.1,0.1,-0.12,+0.14,-0.26
Matisse Thybulle,2,4.2,2.1,+0.14,-1.50,+1.64
Phil Pressey,3,2.9,1.0,-0.13,-0.45,+0.32
DeJuan Blair,7,10.3,1.5,-0.13,-0.75,+0.62
Damion Lee,4,4.9,1.2,-0.08,-0.44,+0.35
Louis King,2,0.2,0.1,-0.19,-0.21,+0.02
Jameel Warney,1,0.0,0.0,-0.14,-0.12,-0.02
Luis Scola,8,20.9,2.6,-0.15,-0.23,+0.09
Mitchell Creek,1,0.1,0.1,-0.15,-0.04,-0.11
Vernon Macklin,1,0.2,0.2,-0.15,+0.24,-0.39
Michael Carter-Williams,8,14.3,1.8,-0.15,-0.77,+0.62
Billy Garrett,1,0.1,0.1,-0.16,-0.23,+0.08
Josh McRoberts,9,11.4,1.3,-0.16,-0.46,+0.31
Monte Morris,4,6.8,1.7,-0.18,+0.69,-0.87
Oliver Lafayette,1,0.0,0.0,-0.16,-0.08,-0.08
Antonio McDyess,2,4.3,2.2,-0.16,-1.66,+1.50
James Johnson,12,19.6,1.6,-0.23,-1.05,+0.82
Andray Blatche,5,11.8,2.4,-0.17,-0.26,+0.09
Marvin Williams,11,30.3,2.8,-0.17,-0.50,+0.33
Maurice Ager,1,0.0,0.0,-0.17,-0.15,-0.02
Ronnie Brewer,5,8.8,1.8,-0.17,-1.24,+1.07
Mario West,2,0.4,0.2,-0.17,-0.39,+0.23
Jerrelle Benimon,1,0.0,0.0,-0.17,+0.01,-0.19
Casper Ware,1,0.2,0.2,-0.18,-0.21,+0.04
Scotty Hopson,2,0.0,0.0,-0.18,-0.29,+0.12
Taylor Griffin,1,0.0,0.0,-0.18,-0.21,+0.03
Maxi Kleber,4,8.5,2.1,-0.18,-0.72,+0.55
Scott Machado,2,0.1,0.0,-0.18,-0.18,-0.00
Derrick Byars,1,0.1,0.1,-0.19,-0.02,-0.16
Josh Gray,2,0.2,0.1,-0.19,-0.31,+0.12
Nemanja Bjelica,6,11.4,1.9,-0.18,-0.09,-0.09
Emanuel Terry,1,0.0,0.0,-0.19,+0.08,-0.27
Patrick Patterson,11,21.0,1.9,-0.21,+0.07,-0.27
Alize Johnson,3,0.6,0.2,+0.24,+0.29,-0.04
Paul Reed,1,0.3,0.3,+0.58,+0.34,+0.24
Blake Ahearn,1,0.0,0.0,-0.20,-0.21,+0.01
DJ Stephens,2,0.0,0.0,-0.20,-0.21,+0.01
Chuck Hayes,7,10.1,1.4,-0.20,-1.40,+1.19
Jonas Jerebko,9,15.9,1.8,-0.21,-0.23,+0.02
Andre Emmett,1,0.1,0.1,-0.21,-0.13,-0.08
Grant Jerrett,1,0.1,0.1,-0.21,+0.33,-0.54
Darren Collison,10,29.1,2.9,-0.22,+0.68,-0.90
Marcus Haislip,1,0.1,0.1,-0.22,-0.30,+0.08
Raymond Felton,10,24.5,2.4,-0.22,+0.24,-0.46
Matt Williams Jr.,1,0.0,0.0,-0.22,-0.05,-0.17
Daniel Gafford,2,2.9,1.5,+0.84,-0.90,+1.75
Cedric Jackson,1,0.1,0.1,-0.22,-0.40,+0.18
Jarnell Stokes,3,0.2,0.1,-0.22,-0.19,-0.03
Shawn Marion,6,16.8,2.8,-0.22,-0.62,+0.40
Elijah Millsap,3,1.6,0.5,-0.23,-1.37,+1.14
Tim Ohlbrecht,1,0.0,0.0,-0.23,-0.12,-0.10
Tyrell Terry,1,0.1,0.1,-0.23,-0.16,-0.07
Brodric Thomas,1,0.3,0.3,-1.25,-1.33,+0.09
Tracy McGrady,3,4.4,1.5,-0.23,-0.71,+0.48
Alen Smailagic,2,0.3,0.1,-0.54,-0.56,+0.02
Sundiata Gaines,3,1.8,0.6,-0.23,-0.46,+0.23
Joey Dorsey,3,2.0,0.7,-0.24,-1.35,+1.11
Zaza Pachulia,10,18.3,1.8,-0.24,-1.16,+0.92
Andre Ingram,2,0.1,0.1,-0.24,-0.27,+0.03
C.J. Watson,8,13.6,1.7,-0.24,-0.14,-0.10
Bryce Dejean-Jones,1,0.4,0.4,-0.24,-0.83,+0.59
Marcus Cousin,1,0.0,0.0,-0.24,-0.17,-0.07
Nate Robinson,7,9.5,1.4,-0.25,+0.80,-1.05
Kevin Martin,7,16.7,2.4,-0.26,+1.29,-1.54
Willy Hernangomez,5,5.6,1.1,-0.14,+0.21,-0.35
Keldon Johnson,2,2.7,1.3,-0.53,-0.35,-0.18
Arinze Onuaku,3,0.2,0.1,-0.26,-0.10,-0.15
Rodrigue Beaubois,4,4.0,1.0,-0.26,-0.12,-0.14
Ignas Brazdeikis,2,0.2,0.1,-1.11,-0.70,-0.41
Devyn Marble,2,0.6,0.3,-0.26,-0.54,+0.28
Yao Ming,1,0.1,0.1,-0.26,-0.55,+0.28
Tyler Honeycutt,2,0.2,0.1,-0.26,-0.15,-0.11
Ashton Hagans,1,0.0,0.0,-0.28,-0.26,-0.02
Justin James,2,0.4,0.2,-1.14,-0.76,-0.38
Anthony Gill,1,0.3,0.3,-0.42,-0.67,+0.25
Carlos Boozer,6,17.5,2.9,-0.27,-0.52,+0.25
Jermaine O'Neal,5,6.7,1.3,-0.27,-1.69,+1.42
Chris Smith,1,0.0,0.0,-0.27,-0.12,-0.16
Wenyen Gabriel,2,0.6,0.3,-0.47,-0.79,+0.32
Andy Rautins,1,0.0,0.0,-0.27,-0.27,-0.00
Justise Winslow,6,9.8,1.6,-0.32,-1.41,+1.09
Gigi Datome,2,0.6,0.3,-0.27,-0.09,-0.19
Zach Lofton,1,0.0,0.0,-0.27,-0.25,-0.02
Jason Williams,2,2.7,1.4,-0.27,+0.51,-0.78
LaMelo Ball,1,1.8,1.8,-0.50,+0.17,-0.68
Kareem Rush,1,0.1,0.1,-0.28,-0.09,-0.19
Lauri Markkanen,4,8.3,2.1,-0.39,-0.03,-0.36
Landry Fields,5,8.1,1.6,-0.29,-0.04,-0.25
J.P. Macura,2,0.0,0.0,-0.29,-0.35,+0.06
Jaxson Hayes,2,2.8,1.4,-0.25,-0.96,+0.71
Julyan Stone,4,0.7,0.2,-0.30,-0.65,+0.35
Tyler Bey,1,0.1,0.1,-0.68,-0.32,-0.36
Yante Maten,1,0.0,0.0,-0.30,-0.22,-0.08
Jacob Wiley,1,0.0,0.0,-0.30,-0.59,+0.29
Dennis Horner,1,0.0,0.0,-0.31,-0.12,-0.18
Ben Bentil,1,0.0,0.0,-0.31,-0.29,-0.01
Monta Ellis,8,28.7,3.6,-0.31,+0.43,-0.74
Jerel McNeal,1,0.0,0.0,-0.31,-0.25,-0.06
Joel Bolomboy,2,0.1,0.1,-0.31,-0.14,-0.17
Shai Gilgeous-Alexander,3,7.8,2.6,-0.28,+0.11,-0.38
Reggie Hearn,1,0.0,0.0,-0.31,-0.26,-0.06
Jordan Williams,1,0.8,0.8,-0.31,-0.43,+0.12
Jarvis Varnado,2,0.5,0.3,-0.32,-1.70,+1.38
Garret Siler,1,0.1,0.1,-0.32,-0.18,-0.14
Cody Martin,2,2.4,1.2,-0.29,-0.61,+0.31
Renaldo Balkman,3,0.4,0.1,-0.32,-0.30,-0.02
Marcus Morris Sr.,8,20.9,2.6,-0.37,-0.07,-0.31
Patrick Christopher,1,0.0,0.0,-0.32,-0.15,-0.17
Fab Melo,1,0.0,0.0,-0.33,-0.23,-0.09
Othello Hunter,1,0.0,0.0,-0.33,-0.18,-0.16
Robert Franks,1,0.1,0.1,-0.35,-0.31,-0.04
Stanton Kidd,1,0.0,0.0,-0.34,-0.11,-0.23
Eric Dawson,1,0.1,0.1,-0.34,-0.09,-0.25
Beno Udrih,8,14.7,1.8,-0.34,+0.43,-0.76
Naz Reid,2,2.6,1.3,-0.21,-0.54,+0.33
Amile Jefferson,2,0.2,0.1,-0.34,-0.43,+0.09
Justin Robinson,2,0.2,0.1,-0.61,-0.46,-0.15
Goga Bitadze,2,1.5,0.8,-0.07,-1.19,+1.12
Gian Clavell,1,0.1,0.1,-0.34,-0.32,-0.02
Devin Booker,6,18.2,3.0,-0.32,+1.73,-2.05
Eric Gordon,12,26.2,2.2,-0.34,+1.23,-1.57
Patrick O'Bryant,1,0.1,0.1,-0.34,-0.16,-0.19
Keith Appling,1,0.0,0.0,-0.34,-0.21,-0.14
Walt Lemon Jr.,2,0.3,0.1,-0.34,-0.28,-0.06
Donta Hall,2,0.5,0.2,+0.03,-0.62,+0.65
Nigel Williams-Goss,1,0.1,0.1,-0.35,-0.17,-0.18
Ian Mahinmi,11,13.5,1.2,-0.35,-2.17,+1.82
Mychel Thompson,1,0.1,0.1,-0.35,-0.44,+0.09
Luke Zeller,1,0.1,0.1,-0.35,-0.24,-0.12
Terrence Jones,6,7.3,1.2,-0.35,-0.44,+0.08
P.J. Tucker,8,23.4,2.9,-0.42,-1.06,+0.64
George King,1,0.0,0.0,-0.36,+0.04,-0.40
Cassius Winston,1,0.1,0.1,-0.71,-0.35,-0.36
Gary Harris,7,14.4,2.1,-0.48,+0.23,-0.70
Hamady Ndiaye,3,0.2,0.1,-0.37,-0.45,+0.08
Viacheslav Kravtsov,2,0.4,0.2,-0.37,-0.33,-0.05
Caris LeVert,5,9.0,1.8,-0.38,+0.39,-0.77
OG Anunoby,4,8.2,2.1,-0.37,-1.07,+0.70
Isaac Humphries,1,0.1,0.1,-0.37,-0.24,-0.13
Troy Caupain,1,0.0,0.0,-0.38,-0.14,-0.23
Desmond Mason,1,0.1,0.1,-0.38,-0.25,-0.13
Shabazz Napier,6,7.7,1.3,-0.38,-0.19,-0.19
Travis Leslie,1,0.1,0.1,-0.38,-0.32,-0.06
Travis Diener,1,0.1,0.1,-0.38,-0.25,-0.14
Chris Johnson,7,3.7,0.5,-0.39,-0.54,+0.15
Trey Johnson,2,0.2,0.1,-0.39,-0.31,-0.08
Tomas Satoransky,5,9.7,1.9,-0.42,-0.06,-0.36
Devin Robinson,2,0.1,0.1,-0.39,-0.32,-0.07
Kyle Weaver,2,0.3,0.1,-0.39,-0.50,+0.11
Tristan Thompson,10,23.7,2.4,-0.41,-0.52,+0.11
Corey Brewer,11,21.2,1.9,-0.40,-0.55,+0.16
Robin Lopez,12,24.4,2.0,-0.42,-0.94,+0.52
Mitch McGary,2,0.7,0.4,-0.40,-0.49,+0.09
Anthony Parker,3,7.2,2.4,-0.40,-0.59,+0.19
Will Magnay,1,0.0,0.0,-0.45,-0.45,-0.00
Ed Davis,11,17.2,1.6,-0.41,-1.19,+0.78
Kostas Antetokounmpo,3,0.1,0.0,-0.35,-0.42,+0.07
Kenyon Martin,6,6.8,1.1,-0.41,-1.95,+1.55
Delonte West,3,3.8,1.3,-0.41,-1.17,+0.76
Brice Johnson,2,0.1,0.1,-0.41,-0.28,-0.13
Nigel Hayes,1,0.2,0.2,-0.41,-0.56,+0.15
Sherron Collins,1,0.1,0.1,-0.42,-0.36,-0.05
Rawle Alkins,1,0.2,0.2,-0.42,-0.10,-0.32
JJ O'Brien,1,0.0,0.0,-0.42,-0.10,-0.32
John Henson,8,11.0,1.4,-0.42,-1.31,+0.89
Jason Thompson,7,15.7,2.2,-0.43,-0.78,+0.35
Enes Kanter,10,21.1,2.1,-0.30,+0.80,-1.10
Will Conroy,2,0.1,0.0,-0.43,-0.33,-0.09
Quentin Richardson,4,4.9,1.2,-0.43,-0.76,+0.33
Duje Dukan,1,0.0,0.0,-0.43,-0.08,-0.35
Devontae Cacok,2,0.1,0.1,-0.30,-0.16,-0.14
Rashard Lewis,5,8.4,1.7,-0.43,-0.64,+0.20
Jerry Smith,1,0.1,0.1,-0.44,-0.59,+0.15
Skylar Mays,1,0.4,0.4,-0.05,+0.55,-0.60
Brandon Ingram,5,12.5,2.5,-0.48,+0.18,-0.66
Danuel House Jr.,5,5.2,1.0,-0.45,-0.37,-0.08
Bryce Cotton,2,0.2,0.1,-0.45,+0.21,-0.66
Kadeem Allen,3,0.8,0.3,-0.45,+0.02,-0.47
Kalin Lucas,2,0.0,0.0,-0.45,-0.21,-0.24
Luke Ridnour,6,12.3,2.1,-0.45,+0.30,-0.76
Solomon Alabi,2,0.2,0.1,-0.46,-0.46,-0.01
Tariq Owens,1,0.0,0.0,-0.46,-0.28,-0.19
James Southerland,1,0.0,0.0,-0.46,-0.07,-0.39
Bonzie Colson,1,0.1,0.1,-0.46,+0.14,-0.60
PJ Dozier,4,2.2,0.6,-0.17,-1.01,+0.84
Vander Blue,3,0.2,0.1,-0.47,-0.26,-0.21
Nazr Mohammed,7,5.3,0.8,-0.47,-1.53,+1.06
Dusty Hannahs,2,0.0,0.0,-0.47,-0.21,-0.26
Earl Watson,5,7.2,1.4,-0.47,-0.55,+0.08
Adam Mokoka,2,0.2,0.1,-0.44,-0.24,-0.20
Yuta Watanabe,3,1.1,0.4,-0.62,-1.31,+0.69
D.J. Kennedy,1,0.1,0.1,-0.47,-0.28,-0.19
Martell Webster,6,11.0,1.8,-0.47,+0.11,-0.59
Cliff Alexander,1,0.0,0.0,-0.48,-0.35,-0.13
Isaiah Stewart,1,1.9,1.9,-0.38,-1.92,+1.54
Cory Joseph,10,18.0,1.8,-0.45,-0.32,-0.14
Pat Connaughton,6,8.4,1.4,-0.22,-0.22,+0.00
Jarrod Uthoff,2,0.2,0.1,-0.48,-0.33,-0.15
Darryl Watkins,1,0.1,0.1,-0.48,-0.66,+0.18
Dean Wade,2,0.9,0.4,-1.27,-1.22,-0.06
Alex Stepheson,1,0.1,0.1,-0.49,-0.17,-0.31
Jarred Vanderbilt,3,2.3,0.8,+0.40,-1.80,+2.20
Jontay Porter,1,0.1,0.1,-0.41,-0.25,-0.16
Jonah Bolden,2,0.8,0.4,-0.49,-1.23,+0.74
Glen Rice,2,0.2,0.1,-0.50,-0.47,-0.02
Angel Delgado,1,0.0,0.0,-0.50,-0.23,-0.27
Kyle Kuzma,4,9.4,2.3,-0.59,-0.16,-0.43
Matt Costello,1,0.0,0.0,-0.50,-0.33,-0.17
Kris Joseph,1,0.1,0.1,-0.51,-0.26,-0.24
Russ Smith,2,0.2,0.1,-0.51,-0.21,-0.30
Mamadi Diakite,1,0.2,0.2,-0.08,-0.85,+0.77
Aron Baynes,9,10.1,1.1,-0.50,-1.48,+0.98
Jared Harper,2,0.0,0.0,-0.66,-0.26,-0.40
Jason Terry,9,17.8,2.0,-0.52,+0.47,-0.98
Sean Williams,2,0.4,0.2,-0.52,-1.72,+1.20
Ivan Johnson,2,2.3,1.2,-0.52,-1.60,+1.08
Ish Smith,11,15.7,1.4,-0.53,-0.12,-0.41
Tyrus Thomas,5,4.2,0.8,-0.52,-2.42,+1.90
Nate Wolters,3,1.9,0.6,-0.52,-0.78,+0.26
Seth Curry,7,9.0,1.3,-0.48,+0.05,-0.53
Dakari Johnson,1,0.2,0.2,-0.53,-0.74,+0.20
Trey Lyles,6,7.9,1.3,-0.53,-0.36,-0.17
Iman Shumpert,10,13.5,1.4,-0.54,-0.70,+0.16
Dennis Schroder,8,16.6,2.1,-0.61,+0.21,-0.82
Jordan Adams,2,0.3,0.2,-0.54,-0.27,-0.27
Kevin Murphy,1,0.1,0.1,-0.55,-0.28,-0.26
Erik McCree,1,0.0,0.0,-0.55,+0.01,-0.56
Dorian Finney-Smith,5,10.3,2.1,-0.41,-0.47,+0.06
Jared Jeffries,4,4.1,1.0,-0.55,-2.08,+1.53
J.J. Barea,11,16.4,1.5,-0.55,+0.83,-1.38
Joe Chealey,2,0.0,0.0,-0.55,-0.73,+0.18
D'Angelo Russell,6,12.5,2.1,-0.51,+0.93,-1.44
Kris Humphries,8,12.7,1.6,-0.56,-0.97,+0.40
Mike James,6,2.4,0.4,-0.52,+0.08,-0.60
Ekpe Udoh,7,6.6,0.9,-0.56,-2.44,+1.88
Edwin Ubiles,1,0.1,0.1,-0.56,-0.36,-0.20
Marquese Chriss,5,5.8,1.2,-0.57,-1.29,+0.73
AJ Price,6,4.5,0.8,-0.58,-0.14,-0.44
Anthony Tolliver,12,16.1,1.3,-0.58,-0.49,-0.09
Mike Muscala,8,7.1,0.9,-0.55,-0.77,+0.22
Mike Bibby,3,5.8,1.9,-0.58,-0.00,-0.58
Greivis Vasquez,7,11.0,1.6,-0.58,+0.88,-1.46
William Howard,1,0.0,0.0,-0.59,-0.10,-0.48
Stephen Zimmerman,1,0.1,0.1,-0.59,-0.74,+0.15
Justin Patton,4,0.3,0.1,-0.59,-1.03,+0.44
Milton Doyle,1,0.1,0.1,-0.59,-0.57,-0.01
Daniel Orton,3,0.6,0.2,-0.59,-1.38,+0.80
Malik Fitts,1,0.0,0.0,-0.50,-0.15,-0.35
Jordan McLaughlin,2,1.9,1.0,-0.44,-0.59,+0.15
Justin Wright-Foreman,1,0.1,0.1,-0.59,-0.22,-0.37
Drew Eubanks,3,1.2,0.4,-0.75,-1.54,+0.79
Yakhouba Diawara,1,0.1,0.1,-0.59,-0.34,-0.25
Donte Grantham,1,0.0,0.0,-0.59,-0.12,-0.47
Julius Randle,7,15.9,2.3,-0.56,-0.08,-0.49
Johnathan Motley,3,0.4,0.1,-0.60,-0.02,-0.58
Andre Dawkins,1,0.0,0.0,-0.60,-0.16,-0.44
Kevin Hervey,1,0.1,0.1,-0.60,-0.29,-0.31
Cassius Stanley,1,0.1,0.1,-1.08,-0.36,-0.72
Caron Butler,7,12.0,1.7,-0.61,-0.51,-0.10
Marcus Banks,2,0.3,0.2,-0.61,-0.68,+0.07
Al Harrington,5,7.0,1.4,-0.62,+0.49,-1.11
James Posey,2,2.9,1.4,-0.62,-0.64,+0.02
Gilbert Arenas,3,3.6,1.2,-0.62,+0.03,-0.65
Lamar Stevens,1,0.6,0.6,-0.52,-1.44,+0.92
Josh Reaves,1,0.0,0.0,-0.63,-0.36,-0.27
Mustafa Shakur,2,0.2,0.1,-0.63,-0.54,-0.09
Matthew Dellavedova,8,10.2,1.3,-0.62,-0.09,-0.53
Kent Bazemore,9,15.0,1.7,-0.57,-1.42,+0.84
Xavier Silas,2,0.1,0.0,-0.64,-0.44,-0.21
Devean George,1,0.8,0.8,-0.64,-0.42,-0.22
Zach Norvell Jr.,1,0.0,0.0,-0.64,-0.43,-0.21
Kirk Hinrich,7,13.3,1.9,-0.64,-0.97,+0.33
Damien Inglis,1,0.2,0.2,-0.64,-1.01,+0.37
Tim Quarterman,2,0.1,0.1,-0.64,-0.45,-0.19
Tyler Davis,1,0.0,0.0,-0.65,-0.16,-0.48
Hedo Turkoglu,6,8.6,1.4,-0.65,-0.01,-0.64
Jerome Dyson,1,0.2,0.2,-0.65,-1.19,+0.54
Nate Hinton,1,0.1,0.1,-0.92,-0.22,-0.70
Xavier Munford,2,0.3,0.1,-0.66,-0.72,+0.06
Justin Holiday,8,12.8,1.6,-0.72,-0.95,+0.23
Furkan Korkmaz,4,4.0,1.0,-0.52,+0.13,-0.65
Frank Kaminsky,6,8.5,1.4,-0.66,-0.04,-0.62
Hamed Haddadi,4,1.0,0.3,-0.66,-1.81,+1.15
Jabari Bird,1,0.1,0.1,-0.66,-0.23,-0.44
Jalen Harris,1,0.2,0.2,-0.64,-0.28,-0.37
Patricio Garino,1,0.0,0.0,-0.67,-0.73,+0.06
Mike Wilks,1,0.1,0.1,-0.67,-0.34,-0.33
Mirza Teletovic,6,6.3,1.0,-0.67,+0.59,-1.26
Daryl Macon,2,0.1,0.1,-0.67,-0.51,-0.16
Hasheem Thabeet,5,2.6,0.5,-0.67,-2.57,+1.90
T.J. McConnell,6,11.7,1.9,-0.57,-0.66,+0.10
Bernard James,3,0.8,0.3,-0.68,-1.41,+0.73
Jon Leuer,8,6.5,0.8,-0.68,-1.07,+0.40
Sean May,1,0.4,0.4,-0.68,-1.29,+0.61
Henry Ellenson,5,0.9,0.2,-0.68,-0.42,-0.25
Reggie Perry,1,0.2,0.2,-0.97,-0.22,-0.74
Josh Hart,4,6.9,1.7,-0.66,-0.82,+0.16
AJ Hammons,1,0.2,0.2,-0.69,-1.30,+0.61
Alexis Ajinca,6,4.0,0.7,-0.69,-1.70,+1.01
Deividas Sirvydis,1,0.1,0.1,-1.40,-1.05,-0.35
T.J. Warren,7,10.3,1.5,-0.69,+0.18,-0.88
Dario Saric,5,9.9,2.0,-0.66,-0.20,-0.45
Erick Dampier,3,2.4,0.8,-0.69,-2.32,+1.63
Zhaire Smith,2,0.2,0.1,-0.69,-0.11,-0.59
Harrison Barnes,9,23.0,2.6,-0.68,-0.49,-0.19
Craig Smith,3,2.4,0.8,-0.70,-0.56,-0.13
Alex Len,8,10.9,1.4,-0.70,-1.77,+1.08
Primoz Brezec,1,0.1,0.1,-0.70,-0.59,-0.11
John Konchar,2,0.9,0.4,-0.58,-0.53,-0.05
Spencer Hawes,8,13.2,1.7,-0.70,-1.35,+0.64
Greg Stiemsma,4,3.3,0.8,-0.70,-3.40,+2.70
Trevon Duval,1,0.0,0.0,-0.70,-0.09,-0.61
Kris Dunn,5,5.9,1.2,-0.71,-1.45,+0.74
Markelle Fultz,4,3.0,0.8,-0.72,-0.72,-0.00
Freddie Gillespie,1,0.3,0.3,-1.34,-2.12,+0.78
Norvel Pelle,2,0.3,0.2,-0.69,-2.01,+1.32
Greg Smith,5,2.0,0.4,-0.71,-0.87,+0.16
Jaylen Hoard,2,0.4,0.2,-0.88,-0.68,-0.20
Jalen Lecque,2,0.0,0.0,-0.74,-0.52,-0.23
Nickeil Alexander-Walker,2,1.6,0.8,-0.77,-0.50,-0.27
Miroslav Raduljica,2,0.5,0.3,-0.71,-0.40,-0.31
Grant Hill,4,7.1,1.8,-0.72,-0.63,-0.08
Will Barton,9,14.3,1.6,-0.76,+0.09,-0.85
Trey McKinney-Jones,1,0.0,0.0,-0.72,-0.12,-0.59
Kyle Collinsworth,1,0.5,0.5,-0.72,-0.82,+0.10
Francisco Garcia,6,5.4,0.9,-0.72,-0.94,+0.21
JaMychal Green,7,9.5,1.4,-0.74,-1.08,+0.35
Yogi Ferrell,5,5.5,1.1,-0.71,-0.29,-0.42
Chase Budinger,7,8.4,1.2,-0.73,+0.15,-0.88
Devon Hall,1,0.1,0.1,-0.73,-0.31,-0.41
Davon Reed,2,0.3,0.2,-0.73,-0.88,+0.15
Cheick Diallo,4,2.3,0.6,-0.73,-1.20,+0.47
Ryan Kelly,4,3.3,0.8,-0.73,-0.74,+0.01
Elias Harris,1,0.0,0.0,-0.73,-0.31,-0.42
Andrew Wiggins,7,20.7,3.0,-0.64,+0.45,-1.09
Toney Douglas,8,7.9,1.0,-0.73,+0.29,-1.02
Johnathan Williams,2,0.6,0.3,-0.73,-0.77,+0.03
Milos Teodosic,2,1.3,0.7,-0.73,+0.21,-0.95
Tim Hardaway Jr.,8,15.7,2.0,-0.70,+0.63,-1.34
Antonius Cleveland,2,0.2,0.1,-0.74,-0.85,+0.12
Brian Bowen II,2,0.0,0.0,-0.77,-0.26,-0.51
Markieff Morris,10,18.3,1.8,-0.74,-0.94,+0.20
Terance Mann,2,2.1,1.1,-0.36,-0.26,-0.10
Rodney Stuckey,8,15.0,1.9,-0.74,+0.42,-1.16
Killian Tillie,1,0.2,0.2,-0.86,-0.77,-0.09
Derek Fisher,5,8.4,1.7,-0.74,-1.02,+0.28
Boris Diaw,8,16.1,2.0,-0.74,-0.76,+0.01
Alando Tucker,1,0.1,0.1,-0.74,-0.13,-0.62
Luis Montero,2,0.1,0.0,-0.75,-0.43,-0.31
Marial Shayok,1,0.0,0.0,-0.75,-0.29,-0.46
Chimezie Metu,3,0.5,0.2,-1.34,-1.10,-0.23
Troy Murphy,4,4.2,1.0,-0.76,-0.90,+0.14
Mike Tobey,1,0.0,0.0,-0.76,-0.84,+0.08
Dewan Hernandez,1,0.0,0.0,-0.76,-0.29,-0.47
Dionte Christmas,1,0.2,0.2,-0.76,+0.19,-0.95
Maurice Harkless,9,12.9,1.4,-0.84,-1.18,+0.34
Alexey Shved,3,3.4,1.1,-0.77,-0.09,-0.67
Omri Casspi,10,12.3,1.2,-0.77,-0.32,-0.45
Terrence Ross,9,15.7,1.7,-0.76,+0.07,-0.82
Vladimir Radmanovic,4,3.0,0.8,-0.77,-1.09,+0.32
Kyle Alexander,1,0.0,0.0,-0.77,-0.50,-0.28
Tim Frazier,7,5.0,0.7,-0.77,-0.50,-0.27
Tyler Johnson,7,8.5,1.2,-0.82,-0.52,-0.30
London Perrantes,1,0.1,0.1,-0.78,-0.32,-0.46
Anthony Randolph,5,2.8,0.6,-0.78,-1.49,+0.71
Daniel Oturu,1,0.2,0.2,-0.61,-0.34,-0.28
Tarik Black,4,3.4,0.8,-0.79,-1.52,+0.73
Lorenzo Brown,5,1.2,0.2,-0.79,-0.72,-0.07
Isaiah Joe,1,0.4,0.4,-0.79,+0.06,-0.85
Chris Wilcox,4,2.8,0.7,-0.79,-0.91,+0.12
Grant Riller,1,0.0,0.0,-0.86,-0.37,-0.49
Zylan Cheatham,1,0.1,0.1,-0.79,-0.64,-0.16
Kelly Oubre Jr.,6,10.0,1.7,-0.82,-0.60,-0.22
Vincent Edwards,1,0.0,0.0,-0.79,-0.07,-0.72
Cameron Bairstow,2,0.2,0.1,-0.79,-0.64,-0.15
PJ Tucker,1,1.9,1.9,-0.80,-0.69,-0.10
Jacob Pullen,1,0.0,0.0,-0.80,-0.14,-0.66
DeVaughn Akoon-Purcell,1,0.0,0.0,-0.80,-0.32,-0.48
Vernon Carey Jr.,1,0.1,0.1,-0.84,-0.90,+0.06
Jamario Moon,3,2.2,0.7,-0.80,-1.46,+0.66
Josh Huestis,3,1.1,0.4,-0.80,-1.56,+0.76
Timofey Mozgov,8,8.2,1.0,-0.81,-1.75,+0.94
DaQuan Jeffries,2,0.7,0.3,-0.71,-0.69,-0.02
BJ Johnson,2,0.1,0.1,-0.81,-0.53,-0.28
Brian Skinner,3,0.1,0.0,-0.81,-0.70,-0.12
Lester Hudson,4,0.6,0.1,-0.81,-0.49,-0.32
Justin Anderson,5,2.9,0.6,-0.81,-0.25,-0.56
Zoran Dragic,1,0.1,0.1,-0.82,+0.01,-0.83
Tremont Waters,2,0.4,0.2,-0.60,+0.02,-0.62
Ike Anigbogu,2,0.0,0.0,-0.82,-0.14,-0.68
Trevor Booker,8,10.8,1.3,-0.82,-0.79,-0.03
Pops Mensah-Bonsu,2,0.2,0.1,-0.82,-0.85,+0.03
Cameron Payne,6,3.9,0.7,-0.72,-0.31,-0.41
James Webb III,1,0.1,0.1,-0.83,-0.64,-0.19
Jevon Carter,3,2.3,0.8,-0.76,-1.00,+0.24
Richard Jefferson,9,13.6,1.5,-0.84,-0.74,-0.10
Isaac Bonga,3,1.8,0.6,-0.83,-2.30,+1.46
Coty Clarke,1,0.0,0.0,-0.84,-0.27,-0.57
Derrick Jones Jr.,5,4.4,0.9,-0.87,-0.91,+0.04
Jalen Jones,2,0.4,0.2,-0.84,-0.61,-0.23
Justin Dentmon,2,0.1,0.0,-0.84,-0.95,+0.10
Terence Davis,2,2.1,1.1,-0.92,-0.24,-0.68
James Nunnally,3,0.3,0.1,-0.78,-0.58,-0.20
Thomas Welsh,1,0.0,0.0,-0.85,-0.35,-0.50
Juan Toscano-Anderson,2,1.7,0.9,-0.41,-1.99,+1.57
Randolph Morris,1,0.1,0.1,-0.86,-0.86,-0.00
Demetrius Jackson,3,0.1,0.0,-0.86,-0.32,-0.54
Wilson Chandler,10,16.2,1.6,-0.86,-0.50,-0.36
Peja Stojakovic,2,2.5,1.2,-0.86,-0.15,-0.71
Chris McCullough,3,0.5,0.2,-0.86,-0.86,-0.01
Ante Zizic,3,1.5,0.5,-0.87,-1.13,+0.26
Ty-Shon Alexander,1,0.1,0.1,-0.72,-0.22,-0.50
Terry Rozier,6,9.9,1.7,-0.82,-0.11,-0.71
Ben Moore,1,0.0,0.0,-0.87,-0.22,-0.65
Maurice Ndour,1,0.3,0.3,-0.87,-1.56,+0.69
Mfiondu Kabengele,2,0.3,0.1,-1.12,-0.89,-0.23
Sergey Karasev,3,1.1,0.4,-0.87,-0.84,-0.03
Rodney Hood,7,9.8,1.4,-0.88,-0.36,-0.52
Justin Harper,3,0.1,0.0,-0.87,-0.59,-0.28
Shamorie Ponds,1,0.0,0.0,-0.88,-0.25,-0.62
Bobby Portis,6,7.3,1.2,-0.91,-0.10,-0.81
John Salmons,6,10.4,1.7,-0.88,-1.04,+0.16
Jordan Mickey,3,0.5,0.2,-0.89,-1.27,+0.38
Ime Udoka,2,1.0,0.5,-0.89,-1.41,+0.53
Jarrell Brantley,2,0.2,0.1,-1.20,-0.58,-0.62
Chris Silva,2,0.4,0.2,-0.90,-1.24,+0.33
Jabari Parker,7,8.0,1.1,-0.89,-0.00,-0.89
Jerami Grant,7,12.1,1.7,-0.91,-1.18,+0.27
Chris Babb,1,0.1,0.1,-0.91,-0.45,-0.46
Brad Wanamaker,3,2.4,0.8,-1.01,-0.94,-0.07
Nate Darling,1,0.0,0.0,-1.03,-0.42,-0.61
Jaylen Morris,2,0.1,0.1,-0.92,-0.97,+0.04
Onyeka Okongwu,1,0.5,0.5,-1.10,-1.63,+0.52
Darrell Arthur,8,6.9,0.9,-0.92,-1.82,+0.90
Edy Tavares,2,0.1,0.0,-0.93,-0.54,-0.39
Moses Brown,2,0.6,0.3,-1.35,-1.58,+0.22
Dylan Windler,1,0.5,0.5,-0.72,-1.17,+0.44
Henry Walker,4,2.5,0.6,-0.94,-0.74,-0.20
Joel Anthony,8,5.0,0.6,-0.95,-2.49,+1.54
Tyrese Haliburton,1,1.5,1.5,-1.01,+0.68,-1.69
Charlie Villanueva,7,5.7,0.8,-0.95,+0.14,-1.09
Tibor Pleiss,1,0.1,0.1,-0.95,-0.63,-0.32
Skal Labissiere,4,2.3,0.6,-0.95,-1.05,+0.10
Will Cherry,1,0.1,0.1,-0.95,-0.56,-0.39
Lou Amundson,7,3.9,0.6,-0.95,-2.17,+1.22
Guerschon Yabusele,2,0.4,0.2,-0.95,-0.43,-0.53
Reggie Evans,6,5.0,0.8,-0.96,-1.90,+0.94
Dakota Mathias,1,0.1,0.1,-1.14,-0.03,-1.11
Kira Lewis Jr.,1,0.8,0.8,-1.02,-0.50,-0.52
Marvin Bagley III,3,2.7,0.9,-0.97,-0.06,-0.91
Evan Fournier,9,14.3,1.6,-0.97,+0.02,-1.00
Xavier Rathan-Mayes,1,0.1,0.1,-0.97,-0.55,-0.42
Armoni Brooks,1,-0.1,-0.1,-2.67,-0.79,-1.88
Mo Williams,7,10.3,1.5,-0.97,+0.12,-1.10
Andrew Harrison,3,2.6,0.9,-0.98,-1.09,+0.11
Lance Stephenson,9,10.5,1.2,-0.98,-0.61,-0.37
Joe Harris,7,9.6,1.4,-0.90,+0.00,-0.91
Bogdan Bogdanovic,4,7.0,1.8,-0.84,+0.25,-1.09
Thon Maker,5,3.2,0.6,-0.99,-1.26,+0.27
Mason Jones,1,0.3,0.3,-1.03,-0.48,-0.55
Saben Lee,1,0.3,0.3,-1.76,-1.33,-0.44
Alex Kirk,1,0.0,0.0,-1.00,-0.55,-0.45
Carl Landry,7,8.2,1.2,-1.00,-0.06,-0.94
Oleksiy Pecherov,1,0.4,0.4,-1.00,-1.53,+0.53
Jamil Wilson,1,0.2,0.2,-1.00,-1.08,+0.08
Steven Hunter,1,0.1,0.1,-1.00,-1.03,+0.03
Daniel Gibson,4,4.1,1.0,-1.00,-0.33,-0.68
Courtney Fortson,1,0.1,0.1,-1.01,-0.91,-0.09
Marcus Thornton,8,9.8,1.2,-1.01,+0.71,-1.72
Josh Davis,1,0.1,0.1,-1.01,-0.59,-0.43
Miles Plumlee,7,4.9,0.7,-1.01,-2.02,+1.01
Tyler Hansbrough,7,6.2,0.9,-1.01,-0.65,-0.37
Damion James,3,0.5,0.2,-1.02,-2.30,+1.28
Shaquille Harrison,4,1.9,0.5,-1.20,-1.48,+0.28
Vic Law,1,0.1,0.1,-1.02,-0.83,-0.19
D.J. Wilson,4,1.5,0.4,-1.05,-1.42,+0.37
Deni Avdija,1,1.3,1.3,-0.77,-2.13,+1.36
Sergio Rodriguez,2,2.2,1.1,-1.03,-0.18,-0.85
Gary Payton II,5,0.7,0.1,-1.01,-1.08,+0.07
Greg Whittington,1,0.0,0.0,-0.82,-0.39,-0.43
Chinanu Onuaku,2,0.1,0.0,-1.04,-0.47,-0.57
Coby Karl,1,0.1,0.1,-1.04,-0.91,-0.13
Marcus Landry,1,0.1,0.1,-1.04,-0.58,-0.46
Taurean Prince,5,6.7,1.3,-1.00,-0.94,-0.06
Buddy Hield,5,10.8,2.2,-0.86,+0.58,-1.45
Jordan Loyd,1,0.0,0.0,-1.05,-0.41,-0.63
Shaun Livingston,10,10.9,1.1,-1.05,-0.97,-0.08
Brandon Bass,8,10.8,1.3,-1.05,-0.97,-0.08
Craig Brackins,2,0.1,0.1,-1.05,-0.58,-0.47
Anthony Lamb,1,-0.1,-0.1,-2.73,-1.40,-1.33
Aaron Brooks,8,9.1,1.1,-1.05,+0.58,-1.63
Sasha Kaun,1,0.1,0.1,-1.05,-1.06,+0.01
Naz Mitrou-Long,3,0.1,0.0,-1.06,-0.32,-0.74
Jerian Grant,5,4.2,0.8,-1.06,-0.77,-0.28
Charles Cooke,1,0.0,0.0,-1.06,-0.36,-0.70
Daniel Hamilton,2,0.2,0.1,-1.07,-0.96,-0.10
Luc Mbah a Moute,11,11.5,1.0,-1.07,-2.11,+1.04
Josh Childress,4,1.2,0.3,-1.07,-0.21,-0.86
Trey Burke,8,7.8,1.0,-1.13,+0.69,-1.82
Courtney Lee,11,16.4,1.5,-1.07,-0.28,-0.80
Kenrich Williams,3,3.2,1.1,-0.87,-1.33,+0.47
Keljin Blevins,1,0.0,0.0,-1.32,-1.11,-0.21
Khyri Thomas,3,0.4,0.1,-0.73,-0.49,-0.24
Ronnie Price,8,4.3,0.5,-1.08,-1.80,+0.72
Sam Dekker,4,2.5,0.6,-1.08,-0.52,-0.56
Lavoy Allen,6,5.6,0.9,-1.08,-1.59,+0.50
Festus Ezeli,3,1.9,0.6,-1.09,-2.62,+1.53
Leon Powe,2,0.5,0.2,-1.09,-0.75,-0.34
Tyler Cavanaugh,2,0.4,0.2,-1.10,-0.19,-0.91
Quincy Acy,7,4.3,0.6,-1.11,-1.54,+0.44
Jordan McRae,4,1.4,0.3,-1.11,-0.18,-0.93
Shake Milton,3,1.5,0.5,-1.41,-0.09,-1.33
David Nwaba,5,3.2,0.6,-1.09,-1.02,-0.07
Jaylen Nowell,2,0.7,0.3,-1.16,-0.26,-0.90
Avery Bradley,11,13.1,1.2,-1.13,-0.95,-0.18
Nick Richards,1,0.0,0.0,-1.17,-0.70,-0.47
Ben Uzoh,2,0.6,0.3,-1.12,-1.15,+0.03
John Lucas III,6,1.9,0.3,-1.12,-0.04,-1.08
Chuma Okeke,1,0.8,0.8,-1.19,-1.32,+0.13
Aaron Jackson,1,0.0,0.0,-1.13,-0.31,-0.82
Daniel Ochefu,1,0.1,0.1,-1.13,-0.62,-0.52
Arnett Moultrie,2,0.6,0.3,-1.13,-0.66,-0.48
Axel Toupane,3,0.3,0.1,-1.13,-0.92,-0.21
Jordan Nwora,1,0.2,0.2,-1.33,-0.95,-0.38
Justin Hamilton,3,1.5,0.5,-1.14,-0.98,-0.17
Moritz Wagner,3,1.3,0.4,-1.31,-1.57,+0.26
Brian Cardinal,3,0.9,0.3,-1.15,-1.24,+0.10
Vitor Faverani,1,0.4,0.4,-1.15,-1.95,+0.80
Mickell Gladness,1,0.2,0.2,-1.15,-2.11,+0.96
Alec Burks,10,8.9,0.9,-1.19,-0.16,-1.03
Marcus Derrickson,1,0.1,0.1,-1.15,-0.21,-0.94
Markel Brown,3,1.4,0.5,-1.16,-0.48,-0.68
Kenny Thomas,1,0.2,0.2,-1.16,-1.66,+0.49
Stephen Jackson,5,6.0,1.2,-1.16,-0.81,-0.36
Dion Waiters,8,9.0,1.1,-1.17,-0.33,-0.84
Norman Powell,6,6.3,1.0,-1.12,-0.45,-0.67
Ramon Sessions,9,10.2,1.1,-1.17,+0.28,-1.45
Nathan Knight,1,0.3,0.3,-0.68,-0.32,-0.36
Lindsey Hunter,1,0.1,0.1,-1.17,-0.61,-0.56
Marshall Plumlee,2,0.2,0.1,-1.17,-0.68,-0.49
Nicolas Brussino,2,0.4,0.2,-1.18,-0.65,-0.52
Jordan Hamilton,5,1.6,0.3,-1.18,-0.55,-0.63
Bol Bol,2,0.1,0.1,-1.53,-1.11,-0.42
Donatas Motiejunas,6,3.4,0.6,-1.18,-1.11,-0.08
Gerald Henderson,8,10.4,1.3,-1.18,-0.84,-0.34
Payton Pritchard,1,1.0,1.0,-1.15,-0.17,-0.98
Tim Thomas,1,0.2,0.2,-1.19,-0.15,-1.04
Noah Vonleh,7,4.2,0.6,-1.19,-2.02,+0.83
Josh Okogie,3,3.6,1.2,-1.11,-1.31,+0.19
D.J. Augustin,12,14.5,1.2,-1.22,+0.41,-1.64
John Holland,1,0.1,0.1,-1.20,-0.37,-0.82
Jeff Green,11,17.8,1.6,-1.17,-0.51,-0.66
Brian Cook,3,0.6,0.2,-1.20,-1.30,+0.10
Shawne Williams,4,2.7,0.7,-1.20,-0.87,-0.33
Jake Layman,5,2.1,0.4,-1.21,-1.21,-0.00
Bruce Brown,3,4.0,1.3,-0.97,-1.48,+0.50
Tyler Ulis,3,2.0,0.7,-1.20,-0.39,-0.81
Vincent Poirier,2,0.1,0.1,-1.25,-0.92,-0.33
Eddy Curry,3,0.1,0.0,-1.21,-0.69,-0.52
Aaron Holiday,3,2.4,0.8,-1.27,-0.62,-0.65
Rayjon Tucker,2,0.2,0.1,-1.20,-0.50,-0.70
Theo Pinson,3,0.4,0.1,-1.21,-1.03,-0.19
Udonis Haslem,12,5.6,0.5,-1.21,-1.57,+0.35
Raul Neto,6,3.9,0.7,-1.10,-0.92,-0.18
Haywood Highsmith,1,0.0,0.0,-1.22,-0.39,-0.83
Nicolo Melli,2,1.1,0.6,-1.28,-1.59,+0.31
Jamal Crawford,11,14.2,1.3,-1.22,+1.30,-2.52
Gerald Green,8,7.3,0.9,-1.22,+0.17,-1.39
Frank Mason,4,1.1,0.3,-1.24,-0.32,-0.92
Kurt Thomas,4,2.4,0.6,-1.23,-2.86,+1.62
Diamond Stone,1,0.0,0.0,-1.23,-0.65,-0.58
Rodney McGruder,5,3.5,0.7,-1.24,-0.93,-0.30
Malcolm Lee,3,0.4,0.1,-1.24,-1.38,+0.14
Garrett Temple,11,9.4,0.9,-1.27,-1.62,+0.34
Malik Beasley,5,3.3,0.7,-1.33,-0.14,-1.19
Georges Niang,5,2.8,0.6,-0.78,-0.21,-0.57
Jamel Artis,1,0.2,0.2,-1.26,-0.97,-0.29
Jodie Meeks,10,8.4,0.8,-1.26,+0.10,-1.35
Thomas Robinson,5,2.9,0.6,-1.26,-1.39,+0.12
Mike Miller,8,5.0,0.6,-1.27,-0.28,-0.98
C.J. Williams,2,0.6,0.3,-1.27,-1.23,-0.04
Andris Biedrins,5,2.4,0.5,-1.27,-3.28,+2.01
Torrey Craig,4,2.3,0.6,-1.44,-0.86,-0.57
Georgios Papagiannis,2,0.3,0.2,-1.27,-1.54,+0.27
Ryan Broekhoff,2,0.4,0.2,-1.27,-0.58,-0.69
Drew Gordon,1,0.0,0.0,-1.27,-0.79,-0.48
Jaron Blossomgame,1,0.3,0.3,-1.28,-1.50,+0.22
Jamaal Franklin,2,0.1,0.1,-1.28,-1.15,-0.12
Josh Boone,1,0.7,0.7,-1.28,-2.31,+1.04
Karim Mane,1,0.0,0.0,-1.48,-1.39,-0.09
Ron Baker,3,1.0,0.3,-1.28,-1.29,+0.02
Khem Birch,4,2.9,0.7,-1.12,-1.38,+0.26
James Jones,8,3.2,0.4,-1.28,-0.33,-0.95
Tyler Cook,2,-0.1,0.0,-2.52,-1.71,-0.82
Brandon Goodwin,3,0.7,0.2,-1.38,-0.58,-0.80
Mychal Mulder,2,0.6,0.3,-1.37,-0.23,-1.14
Malachi Flynn,1,0.6,0.6,-1.38,-1.55,+0.17
C.J. Wilcox,3,0.3,0.1,-1.30,-0.57,-0.73
Ivan Rabb,2,0.8,0.4,-1.30,-1.09,-0.21
T.J. Ford,3,1.4,0.5,-1.30,-1.26,-0.04
Devin Vassell,1,0.6,0.6,-1.40,-1.50,+0.10
Andrea Bargnani,7,6.6,0.9,-1.30,+0.20,-1.50
Stanley Johnson,6,4.9,0.8,-1.30,-1.97,+0.67
Brandon Knight,8,8.8,1.1,-1.31,-0.17,-1.14
Marreese Speights,9,6.3,0.7,-1.31,-0.80,-0.50
Tornike Shengelia,2,0.2,0.1,-1.31,-0.84,-0.47
Alex Poythress,3,0.4,0.1,-1.31,-1.04,-0.27
Jamaal Tinsley,4,1.6,0.4,-1.31,-1.23,-0.08
Jalen Smith,1,0.1,0.1,-1.44,-0.96,-0.47
Sasha Vujacic,5,2.3,0.5,-1.32,-0.35,-0.97
Malachi Richardson,3,0.4,0.1,-1.32,-1.01,-0.31
David Andersen,2,0.8,0.4,-1.33,-1.22,-0.11
Gary Trent Jr.,3,1.7,0.6,-1.50,+0.31,-1.81
Myke Henry,1,0.2,0.2,-1.33,-0.79,-0.54
Tayshaun Prince,7,8.9,1.3,-1.33,-0.50,-0.83
Aaron Harrison,3,0.2,0.1,-1.33,-0.68,-0.66
Josh Green,1,0.3,0.3,-1.37,-1.23,-0.14
Jerome Jordan,2,0.3,0.2,-1.34,-0.93,-0.40
Glen Davis,6,5.4,0.9,-1.34,-1.77,+0.43
Quinndary Weatherspoon,2,0.1,0.1,-1.37,-0.95,-0.42
Malcolm Delaney,2,1.4,0.7,-1.34,-1.03,-0.32
Precious Achiuwa,1,0.4,0.4,-1.42,-2.30,+0.88
Svi Mykhailiuk,3,2.2,0.7,-1.19,-0.54,-0.65
Tyler Lydon,2,0.1,0.0,-1.35,-0.71,-0.64
Chris Singleton,3,1.7,0.6,-1.35,-2.58,+1.23
Zhou Qi,2,0.1,0.0,-1.35,-1.11,-0.25
Josh Hall,1,-0.1,-0.1,-2.56,-2.41,-0.14
Troy Brown Jr.,3,1.9,0.6,-1.36,-0.33,-1.03
Zach LaVine,7,9.0,1.3,-1.28,+0.57,-1.85
Cartier Martin,6,1.9,0.3,-1.36,-0.76,-0.60
Markus Howard,1,0.0,0.0,-2.31,-0.53,-1.79
Roger Mason Jr.,5,2.5,0.5,-1.36,-0.27,-1.09
Rodions Kurucs,3,1.3,0.4,-1.36,-1.85,+0.48
Sindarius Thornwell,4,1.2,0.3,-1.24,-2.22,+0.98
Shelvin Mack,8,5.3,0.7,-1.36,-0.55,-0.81
Dillon Brooks,4,4.8,1.2,-1.24,-0.90,-0.35
Donte Greene,3,2.2,0.7,-1.37,-1.54,+0.17
Luka Samanic,2,0.2,0.1,-1.53,-1.44,-0.08
Briante Weber,3,0.4,0.1,-1.37,-0.72,-0.65
Anthony Morrow,8,6.6,0.8,-1.38,+0.25,-1.63
Bismack Biyombo,10,8.3,0.8,-1.44,-2.64,+1.20
Trey Thompkins,1,0.1,0.1,-1.38,-0.68,-0.70
Jarrett Jack,9,9.2,1.0,-1.38,-0.01,-1.37
Chris Richard,1,0.1,0.1,-1.38,-2.09,+0.71
Desmond Bane,1,0.7,0.7,-1.64,-0.75,-0.88
Oshae Brissett,2,1.0,0.5,-0.11,+0.02,-0.13
Chris Kaman,7,5.1,0.7,-1.39,-1.81,+0.42
Erik Murphy,1,0.0,0.0,-1.39,-0.90,-0.49
Corey Maggette,4,2.8,0.7,-1.40,+0.42,-1.82
James Ennis III,7,4.9,0.7,-1.38,-1.10,-0.27
James Singleton,2,0.7,0.4,-1.41,-2.03,+0.62
Jason Maxiell,6,4.3,0.7,-1.41,-2.11,+0.70
Bojan Bogdanovic,7,10.2,1.5,-1.31,+0.07,-1.38
Andrew White III,1,0.1,0.1,-1.41,-1.23,-0.18
Juancho Hernangomez,5,2.7,0.5,-1.35,-0.71,-0.63
Anthony Johnson,1,0.2,0.2,-1.42,-0.84,-0.58
Tyler Zeller,8,4.3,0.5,-1.42,-1.43,+0.01
Kendall Marshall,4,1.8,0.5,-1.42,-0.21,-1.21
Jordan Bone,2,0.1,0.1,-1.59,-1.10,-0.49
Dwight Buycks,3,0.4,0.1,-1.42,-0.89,-0.53
Melvin Frazier Jr.,2,0.1,0.0,-1.42,-1.00,-0.42
Mindaugas Kuzminskas,2,0.6,0.3,-1.42,-0.06,-1.36
Tyler Ennis,4,1.4,0.3,-1.42,-1.20,-0.22
Peyton Siva,1,0.1,0.1,-1.43,-0.93,-0.49
Charlie Bell,2,1.0,0.5,-1.43,-1.57,+0.14
Chris Clemons,1,0.2,0.2,-1.43,+0.41,-1.83
Juwan Morgan,2,0.1,0.0,-1.91,-1.13,-0.78
Damian Jones,5,1.2,0.2,-1.40,-1.52,+0.12
Ryan Arcidiacono,4,2.2,0.5,-1.41,-0.98,-0.43
Steve Blake,7,5.9,0.8,-1.44,-0.75,-0.69
Dante Cunningham,10,8.6,0.9,-1.44,-1.47,+0.03
Zach Collins,3,1.5,0.5,-1.44,-1.58,+0.14
Cole Anthony,1,0.0,0.0,-2.31,-1.43,-0.88
Anthony Carter,3,0.9,0.3,-1.45,-1.65,+0.21
Elijah Hughes,1,0.0,0.0,-1.57,-0.11,-1.47
Langston Galloway,7,5.5,0.8,-1.46,-0.47,-0.99
Nick Young,10,7.5,0.8,-1.46,+0.23,-1.69
Jon Brockman,3,0.9,0.3,-1.47,-1.14,-0.33
Jeff Ayres,6,1.3,0.2,-1.47,-1.36,-0.11
Marcelo Huertas,2,0.6,0.3,-1.47,-0.78,-0.69
Kay Felder,2,0.3,0.1,-1.47,-1.37,-0.10
Kyle Wiltjer,1,0.0,0.0,-1.47,-0.71,-0.76
O.J. Mayo,7,7.6,1.1,-1.48,-0.03,-1.44
Vlatko Cancar,2,0.0,0.0,-2.39,-1.47,-0.91
Gabe Vincent,2,0.3,0.2,-1.64,-0.91,-0.73
Branden Dawson,1,0.0,0.0,-1.48,-0.45,-1.03
Malik Hairston,1,0.2,0.2,-1.48,-1.08,-0.40
Gary Neal,7,4.1,0.6,-1.49,+0.35,-1.84
Chris Copeland,4,1.1,0.3,-1.49,-0.06,-1.42
Landry Shamet,3,2.3,0.8,-1.56,-0.33,-1.23
Eduardo Najera,3,0.7,0.2,-1.49,-2.17,+0.68
Keyon Dooling,4,1.9,0.5,-1.49,-0.70,-0.79
Marko Guduric,1,0.3,0.3,-1.50,-1.46,-0.04
Jorge Gutierrez,3,0.3,0.1,-1.50,-1.01,-0.49
CJ Elleby,1,0.1,0.1,-1.45,-0.68,-0.77
Reggie Bullock,8,4.5,0.6,-1.44,-0.95,-0.49
Kevin Huerter,3,4.5,1.5,-1.17,-0.48,-0.69
Wesley Johnson,9,7.1,0.8,-1.51,-1.75,+0.23
Leandro Barbosa,8,3.9,0.5,-1.52,-0.23,-1.29
Max Strus,2,0.4,0.2,-1.16,+0.24,-1.40
Damien Wilkins,5,2.3,0.5,-1.52,-1.50,-0.02
Julian Wright,2,0.9,0.4,-1.53,-1.94,+0.42
Sam Merrill,1,0.1,0.1,-1.62,-1.09,-0.53
Cameron Reynolds,2,0.2,0.1,-1.42,-0.83,-0.59
Solomon Hill,8,4.6,0.6,-1.58,-1.27,-0.31
Mickael Pietrus,4,2.1,0.5,-1.54,-1.63,+0.09
Quincy Miller,3,0.5,0.2,-1.54,-1.36,-0.18
Evan Turner,10,9.6,1.0,-1.54,-1.37,-0.18
Jan Vesely,3,1.2,0.4,-1.54,-2.34,+0.80
Dexter Pittman,4,0.2,0.0,-1.54,-1.95,+0.41
Robbie Hummel,2,0.7,0.4,-1.55,-0.83,-0.72
Dzanan Musa,2,0.3,0.1,-1.55,-1.17,-0.38
Nenad Krstic,2,1.7,0.8,-1.55,-1.78,+0.22
Tyler Dorsey,2,0.8,0.4,-1.55,-0.49,-1.06
Grayson Allen,3,1.1,0.4,-1.60,-0.51,-1.09
Anzejs Pasecniks,1,0.2,0.2,-1.56,-1.50,-0.05
Jordan Farmar,7,2.9,0.4,-1.56,-0.12,-1.44
P.J. Washington,2,2.7,1.4,-1.21,-2.02,+0.81
Brandon Sampson,1,0.1,0.1,-1.56,-1.19,-0.38
RJ Hunter,4,0.2,0.0,-1.57,-1.37,-0.20
Ben McLemore,8,5.6,0.7,-1.56,-0.76,-0.80
Caleb Martin,2,0.7,0.4,-1.33,-1.39,+0.05
Nico Mannion,1,0.0,0.0,-2.36,-1.20,-1.17
Dante Exum,6,2.2,0.4,-1.58,-1.32,-0.26
Chris Quinn,3,0.3,0.1,-1.58,-0.73,-0.85
Denzel Valentine,4,2.2,0.6,-1.58,-1.23,-0.35
Kendrick Nunn,2,2.3,1.2,-1.33,-0.44,-0.89
Daequan Cook,4,1.3,0.3,-1.60,-1.07,-0.53
Troy Williams,3,0.5,0.2,-1.60,-1.34,-0.26
Ben Hansbrough,1,0.1,0.1,-1.60,-1.53,-0.07
Jordan Clarkson,7,7.7,1.1,-1.49,+0.67,-2.16
Darrun Hilliard,3,0.4,0.1,-1.61,-1.35,-0.26
Jamaal Magloire,3,0.4,0.1,-1.61,-2.53,+0.92
DeSagana Diop,4,0.5,0.1,-1.61,-2.40,+0.80
Donald Sloan,5,1.8,0.4,-1.61,-0.70,-0.91
Wayne Ellington,12,7.0,0.6,-1.63,-0.41,-1.22
Reggie Williams,7,1.7,0.2,-1.62,+0.38,-2.00
Deng Adel,1,0.1,0.1,-1.62,-1.88,+0.26
Harry Giles III,3,0.9,0.3,-1.55,-1.59,+0.04
Royal Ivey,5,0.7,0.1,-1.62,-1.56,-0.06
Jason Smith,10,4.0,0.4,-1.63,-1.58,-0.05
Michael Beasley,10,5.3,0.5,-1.64,-0.86,-0.78
Facundo Campazzo,1,1.7,1.7,-0.47,-0.94,+0.47
Kelan Martin,2,0.5,0.3,-1.36,-1.20,-0.16
Marco Belinelli,11,8.2,0.7,-1.64,-0.02,-1.61
Drew Gooden,7,2.6,0.4,-1.64,-1.09,-0.55
Luke Kennard,4,2.1,0.5,-1.67,-0.44,-1.23
Rui Hachimura,2,1.4,0.7,-1.64,-1.59,-0.05
Jonathan Gibson,2,0.1,0.1,-1.65,-0.70,-0.95
Meyers Leonard,9,3.1,0.3,-1.65,-1.40,-0.25
James Young,4,0.4,0.1,-1.65,-0.78,-0.87
Nassir Little,2,0.6,0.3,-1.55,-0.97,-0.58
Chris Hunter,1,0.3,0.3,-1.65,-1.27,-0.38
Shelden Williams,3,1.2,0.4,-1.65,-1.96,+0.31
Luke Babbitt,8,2.3,0.3,-1.66,-0.90,-0.76
Dominique Jones,3,0.3,0.1,-1.66,-1.34,-0.32
Joel Przybilla,4,0.7,0.2,-1.66,-3.38,+1.72
PJ Hairston,2,0.8,0.4,-1.67,-1.31,-0.35
Andrew Nicholson,5,1.7,0.3,-1.67,-1.73,+0.06
Zydrunas Ilgauskas,2,1.0,0.5,-1.67,-2.01,+0.34
Earl Barron,5,0.4,0.1,-1.67,-1.58,-0.09
Luther Head,2,0.6,0.3,-1.67,-0.86,-0.81
Lazar Hayward,3,0.2,0.1,-1.67,-1.01,-0.66
Miles Bridges,3,2.0,0.7,-1.76,-0.88,-0.88
E'Twaun Moore,10,5.1,0.5,-1.69,-1.15,-0.54
T.J. Leaf,4,0.6,0.1,-1.65,-0.76,-0.89
Julian Washburn,1,0.1,0.1,-1.68,-1.65,-0.03
Anthony Brown,3,0.3,0.1,-1.68,-1.32,-0.36
Jared Cunningham,4,0.2,0.1,-1.68,-1.28,-0.41
Deyonta Davis,3,0.5,0.2,-1.68,-1.22,-0.47
Timothe Luwawu-Cabarrot,5,1.6,0.3,-1.78,-1.11,-0.68
Sebastian Telfair,5,1.5,0.3,-1.69,-1.03,-0.66
Malcolm Miller,3,0.1,0.0,-1.69,-0.84,-0.84
Malcolm Thomas,4,0.1,0.0,-1.69,-1.26,-0.43
Jaden McDaniels,1,0.7,0.7,-1.63,-2.65,+1.02
Kwame Brown,4,1.2,0.3,-1.70,-1.81,+0.12
Jared Terrell,1,0.0,0.0,-1.70,-1.06,-0.64
Kendrick Perkins,8,3.9,0.5,-1.70,-2.88,+1.18
Cedi Osman,4,2.4,0.6,-1.76,-0.90,-0.86
Lamar Patterson,2,0.2,0.1,-1.70,-1.17,-0.53
Pooh Jeter,1,0.3,0.3,-1.70,-0.96,-0.74
Hilton Armstrong,3,0.4,0.1,-1.71,-2.93,+1.22
Dan Gadzuric,3,0.3,0.1,-1.71,-3.16,+1.45
Orlando Johnson,3,0.4,0.1,-1.71,-1.15,-0.57
Zabian Dowdell,1,0.1,0.1,-1.71,-1.70,-0.01
Caleb Swanigan,3,0.3,0.1,-1.72,-1.68,-0.04
Rakeem Christmas,2,0.1,0.0,-1.73,-1.32,-0.41
Brian Roberts,5,1.9,0.4,-1.74,-0.26,-1.48
Matt Thomas,2,0.2,0.1,-1.95,-0.60,-1.34
Mickael Gelabale,1,0.2,0.2,-1.74,-0.97,-0.77
DeAndre' Bembry,5,2.6,0.5,-1.48,-1.72,+0.24
Keith Bogans,5,1.7,0.3,-1.75,-1.70,-0.05
Allen Crabbe,7,3.4,0.5,-1.75,-0.72,-1.02
Austin Daye,6,1.5,0.3,-1.75,-1.23,-0.52
DJ Mbenga,2,0.3,0.1,-1.75,-3.22,+1.47
Tre Jones,1,0.0,0.0,-2.40,-1.08,-1.33
Devin Ebanks,3,0.3,0.1,-1.75,-1.63,-0.13
Derrick Walton Jr.,2,0.1,0.1,-1.76,-1.15,-0.60
Isaiah Whitehead,2,0.7,0.3,-1.76,-1.54,-0.22
Travis Wear,2,0.3,0.2,-1.76,-1.91,+0.15
Ricky Ledo,2,0.1,0.0,-1.76,-0.64,-1.13
Grant Williams,2,1.0,0.5,-1.58,-2.39,+0.81
RJ Barrett,2,2.6,1.3,-1.37,-0.74,-0.63
Isaiah Taylor,2,0.4,0.2,-1.77,-0.83,-0.95
Obi Toppin,1,0.4,0.4,-1.37,-1.07,-0.29
Randy Foye,8,4.8,0.6,-1.78,-0.56,-1.22
Kevin Jones,1,0.1,0.1,-1.79,-1.17,-0.62
Rasho Nesterovic,1,0.1,0.1,-1.79,-1.11,-0.68
Paul Watson,2,0.1,0.1,-1.90,-1.09,-0.81
Mike Scott,9,2.8,0.3,-1.85,-0.86,-0.99
Darko Milicic,4,1.0,0.2,-1.80,-3.41,+1.61
Justin Jackson,4,1.7,0.4,-1.77,-0.86,-0.91
Marcus Morris,2,0.5,0.3,-1.82,-1.58,-0.24
Trent Forrest,1,0.1,0.1,-1.63,-0.24,-1.38
Eddie House,2,0.7,0.3,-1.82,-0.62,-1.21
Dairis Bertans,1,0.1,0.1,-1.82,-0.80,-1.03
Luke Harangody,2,0.3,0.1,-1.82,-1.56,-0.27
Nando De Colo,2,0.4,0.2,-1.83,-1.69,-0.14
Treveon Graham,4,0.9,0.2,-1.83,-1.57,-0.26
Earl Boykins,3,0.7,0.2,-1.84,-0.40,-1.44
Eric Maynor,5,1.2,0.2,-1.84,-0.87,-0.98
Arron Afflalo,9,5.8,0.6,-1.85,-0.24,-1.61
Jimmer Fredette,6,1.0,0.2,-1.85,+0.54,-2.39
Amir Coffey,2,0.2,0.1,-1.75,-1.42,-0.34
Luguentz Dort,2,1.0,0.5,-1.66,-1.04,-0.62
Flip Murray,1,0.5,0.5,-1.86,-1.03,-0.83
Dennis Smith Jr.,4,1.3,0.3,-1.86,-1.14,-0.72
Sheldon Mac,1,0.1,0.1,-1.87,-1.47,-0.40
Omari Spellman,2,0.5,0.2,-1.87,-1.46,-0.41
De'Andre Hunter,2,0.9,0.4,-1.83,-1.15,-0.67
Rodney Purvis,1,0.1,0.1,-1.88,-1.09,-0.78
Jannero Pargo,5,0.7,0.1,-1.88,-0.82,-1.06
Cleanthony Early,2,0.2,0.1,-1.88,-1.80,-0.08
Darius Miller,6,1.5,0.3,-1.88,-0.62,-1.25
Kim English,1,0.1,0.1,-1.88,-1.29,-0.60
Ray McCallum,3,0.8,0.3,-1.88,-0.32,-1.57
JJ Hickson,7,3.2,0.5,-1.89,-1.47,-0.42
Derrick Williams,7,2.4,0.3,-1.89,-0.83,-1.06
Devin Brown,1,0.3,0.3,-1.89,-2.04,+0.16
Jalen McDaniels,2,0.4,0.2,-1.79,-1.32,-0.47
Aaron Gray,5,0.7,0.1,-1.90,-2.29,+0.39
Brandon Rush,8,2.4,0.3,-1.90,-1.24,-0.66
Gary Clark,3,0.5,0.2,-1.94,-1.34,-0.60
Tony Battie,3,0.2,0.1,-1.90,-2.84,+0.94
Joel Freeland,3,0.5,0.2,-1.91,-2.20,+0.30
Okaro White,3,0.1,0.0,-1.91,-1.58,-0.33
Jahlil Okafor,6,0.9,0.2,-2.03,-1.80,-0.23
Ognjen Kuzmic,2,0.0,0.0,-1.92,-1.03,-0.89
JaKarr Sampson,6,0.8,0.1,-1.97,-2.21,+0.24
Larry Drew II,2,0.1,0.0,-1.92,-1.12,-0.80
Rodney Carney,2,0.3,0.2,-1.92,-1.47,-0.45
Sean McDermott,1,0.0,0.0,-1.91,-1.31,-0.60
Ike Diogu,2,0.1,0.1,-1.93,-0.69,-1.24
Thanasis Antetokounmpo,3,0.1,0.0,-2.16,-2.33,+0.18
Toure' Murry,2,0.1,0.0,-1.94,-1.25,-0.68
Theo Ratliff,2,0.2,0.1,-1.94,-2.65,+0.72
Austin Rivers,9,4.2,0.5,-1.88,-0.46,-1.42
Chucky Atkins,1,0.2,0.2,-1.94,-1.14,-0.80
Jordan Crawford,6,1.6,0.3,-1.94,+0.07,-2.01
Francisco Elson,3,0.2,0.1,-1.94,-2.32,+0.38
Luke Walton,4,0.5,0.1,-1.94,-1.60,-0.35
Javonte Green,2,0.5,0.2,-1.53,-1.52,-0.02
KJ McDaniels,3,0.5,0.2,-1.96,-1.55,-0.41
Udoka Azubuike,1,0.0,0.0,-1.88,-1.06,-0.82
Mikki Moore,2,0.1,0.1,-1.97,-1.86,-0.11
Alex Abrines,3,0.6,0.2,-1.98,-0.99,-0.98
Kyle Singler,6,1.7,0.3,-1.98,-1.26,-0.72
Richard Hamilton,4,1.0,0.3,-1.98,-0.35,-1.64
Aaron Nesmith,1,0.2,0.2,-1.78,-1.61,-0.17
Alan Anderson,6,1.3,0.2,-1.99,-0.84,-1.15
John Jenkins,6,0.5,0.1,-1.99,-0.76,-1.23
Alonzo Gee,8,1.9,0.2,-1.99,-1.42,-0.58
Tyrone Wallace,3,0.3,0.1,-1.99,-1.44,-0.55
Isaiah Hicks,2,0.1,0.0,-1.99,-1.56,-0.43
Bryn Forbes,5,1.8,0.4,-1.92,-0.70,-1.22
Doug McDermott,7,2.1,0.3,-1.99,-0.41,-1.58
DJ White,5,0.4,0.1,-2.00,-1.43,-0.58
Darius Songaila,2,0.3,0.1,-2.01,-2.09,+0.08
Sean Kilpatrick,4,0.6,0.2,-2.01,-0.26,-1.75
Chris Duhon,4,1.0,0.2,-2.01,-1.08,-0.93
Jordan Hill,8,1.5,0.2,-2.01,-1.37,-0.64
Garrison Mathews,2,0.2,0.1,-2.11,-1.11,-1.01
Robert Sacre,4,0.5,0.1,-2.01,-2.30,+0.29
Marcus Georges-Hunt,2,0.1,0.0,-2.01,-1.36,-0.65
Yi Jianlian,3,0.6,0.2,-2.02,-2.09,+0.07
Furkan Aldemir,1,0.1,0.1,-2.02,-2.00,-0.02
Kenyon Martin Jr.,1,-0.1,-0.1,-2.42,-1.36,-1.07
Saddiq Bey,1,0.4,0.4,-2.00,-0.47,-1.54
Linas Kleiza,3,0.4,0.1,-2.04,-0.92,-1.12
Tyler Herro,2,0.4,0.2,-2.14,-0.33,-1.81
Brandon Paul,1,0.1,0.1,-2.04,-2.19,+0.14
Manny Harris,4,0.3,0.1,-2.05,-1.55,-0.50
Darnell Jackson,2,0.1,0.1,-2.05,-1.62,-0.43
Kyrylo Fesenko,3,0.2,0.1,-2.05,-2.61,+0.56
Darius Bazley,2,-0.1,-0.1,-2.38,-2.44,+0.06
Jarell Martin,4,0.5,0.1,-2.05,-2.15,+0.09
Jerryd Bayless,10,2.0,0.2,-2.06,-0.56,-1.50
Ryan Gomes,4,0.8,0.2,-2.06,-1.45,-0.61
Shannon Brown,6,1.0,0.2,-2.06,-1.04,-1.02
Carsen Edwards,2,0.2,0.1,-1.93,-0.81,-1.11
Quincy Pondexter,7,0.9,0.1,-2.07,-1.14,-0.92
James Michael McAdoo,4,0.1,0.0,-2.07,-1.76,-0.30
Bruno Fernando,2,0.1,0.1,-2.09,-2.04,-0.05
Willie Green,6,1.1,0.2,-2.07,-1.31,-0.75
Nemanja Nedovic,1,0.0,0.0,-2.07,-1.09,-0.98
Antoine Wright,2,0.2,0.1,-2.07,-1.43,-0.64
Anthony Edwards,1,2.2,2.2,-0.90,+0.91,-1.81
Frank Ntilikina,4,0.6,0.1,-2.09,-2.22,+0.14
Will Bynum,6,0.9,0.1,-2.08,-0.19,-1.88
Coby White,2,1.4,0.7,-1.74,-0.38,-1.36
Rasual Butler,6,0.9,0.2,-2.08,-1.26,-0.82
Samardo Samuels,3,0.2,0.1,-2.09,-2.49,+0.40
Ryan Hollins,7,0.6,0.1,-2.11,-2.31,+0.19
Tony Snell,8,1.3,0.2,-2.15,-1.36,-0.79
Miye Oni,2,0.0,0.0,-2.40,-1.65,-0.75
Emmanuel Mudiay,5,0.9,0.2,-2.12,-0.95,-1.17
DeAndre Liggins,5,0.2,0.0,-2.12,-2.60,+0.47
Jerry Stackhouse,4,0.2,0.1,-2.12,-1.09,-1.03
Romeo Langford,2,-0.1,-0.1,-2.60,-2.34,-0.25
Christian Eyenga,2,0.1,0.1,-2.14,-2.56,+0.42
JaJuan Johnson,1,0.0,0.0,-2.14,-2.39,+0.25
Jarron Collins,2,0.0,0.0,-2.14,-2.41,+0.27
Bobby Simmons,3,0.1,0.0,-2.14,-1.79,-0.35
Glenn Robinson III,7,0.5,0.1,-2.15,-1.51,-0.65
Joffrey Lauvergne,4,0.3,0.1,-2.15,-0.78,-1.37
Troy Daniels,7,0.5,0.1,-2.16,-0.12,-2.03
Chris Douglas-Roberts,5,0.4,0.1,-2.16,-1.94,-0.22
Cristiano Felicio,6,0.5,0.1,-2.13,-1.49,-0.64
Jawun Evans,2,0.1,0.0,-2.16,-1.83,-0.33
Henry Sims,4,0.3,0.1,-2.17,-1.65,-0.51
Hamidou Diallo,3,0.0,0.0,-2.30,-1.87,-0.43
Jaylen Adams,2,0.0,0.0,-2.18,-1.76,-0.41
Tyrese Maxey,1,0.8,0.8,-1.07,+0.24,-1.31
Jason Collins,5,0.1,0.0,-2.19,-3.12,+0.92
Solomon Jones,5,0.1,0.0,-2.19,-2.98,+0.78
Sean Marks,2,0.0,0.0,-2.20,-1.99,-0.20
Sterling Brown,4,0.5,0.1,-2.12,-2.04,-0.08
Ben Gordon,6,0.6,0.1,-2.20,-0.05,-2.16
Cam Reddish,2,0.1,0.0,-2.27,-1.27,-1.00
Josh Jackson,4,0.8,0.2,-2.11,-1.73,-0.38
Victor Claver,3,0.1,0.0,-2.22,-1.83,-0.39
Malik Monk,4,0.2,0.1,-2.23,-0.34,-1.89
Jerome Robinson,3,0.0,0.0,-2.26,-1.92,-0.34
Larry Hughes,2,0.1,0.0,-2.24,-2.39,+0.16
Shane Larkin,4,0.2,0.1,-2.24,-1.58,-0.65
DaJuan Summers,4,0.0,0.0,-2.24,-1.70,-0.54
DeShawn Stevenson,4,0.2,0.0,-2.24,-1.75,-0.49
Josh Howard,4,0.1,0.0,-2.25,-1.53,-0.73
Ty Jerome,2,0.1,0.1,-2.12,-0.91,-1.21
Mario Hezonja,5,0.2,0.0,-2.26,-1.66,-0.60
Kevin Porter Jr.,2,0.2,0.1,-2.18,-1.08,-1.09
Armon Johnson,2,0.0,0.0,-2.26,-1.69,-0.57
Xavier Henry,5,0.1,0.0,-2.26,-1.76,-0.50
Nathan Jawai,1,0.0,0.0,-2.27,-2.00,-0.26
Edmond Sumner,4,0.0,0.0,-2.34,-1.16,-1.18
Elie Okobo,2,0.0,0.0,-2.27,-1.58,-0.69
Derrick Brown,3,0.1,0.0,-2.27,-0.82,-1.45
Eric Paschall,2,0.0,0.0,-2.31,-1.06,-1.25
Killian Hayes,1,-0.5,-0.5,-3.45,-2.67,-0.78
Admiral Schofield,1,0.0,0.0,-2.28,-1.91,-0.37
Maalik Wayns,2,0.0,0.0,-2.28,-1.24,-1.04
Chandler Hutchison,3,0.0,0.0,-2.34,-2.27,-0.07
Marcus Williams,1,0.0,0.0,-2.28,-1.07,-1.22
Von Wafer,2,0.0,0.0,-2.29,-1.67,-0.62
Kostas Papanikolaou,2,0.0,0.0,-2.29,-1.67,-0.62
Dragan Bender,4,0.1,0.0,-2.29,-2.17,-0.12
Damyean Dotson,4,-0.4,-0.1,-2.45,-1.34,-1.11
Isaiah Canaan,6,0.1,0.0,-2.29,-0.95,-1.34
Shabazz Muhammad,5,0.0,0.0,-2.30,+0.27,-2.57
Andres Nocioni,3,0.0,0.0,-2.30,-0.97,-1.33
Michael Frazier II,1,0.0,0.0,-2.31,-1.39,-0.92
Jeremy Tyler,3,0.0,0.0,-2.32,-2.24,-0.08
KZ Okpala,2,0.0,0.0,-2.28,-1.88,-0.40
Archie Goodwin,4,-0.1,0.0,-2.35,-1.02,-1.33
Brandon Davies,2,0.0,0.0,-2.35,-2.29,-0.06
Quinn Cook,5,-0.1,0.0,-2.36,-0.64,-1.72
Nicolas Laprovittola,1,0.0,0.0,-2.36,-1.27,-1.10
Wes Iwundu,4,-0.2,0.0,-2.37,-2.33,-0.04
Matt Carroll,4,0.0,0.0,-2.37,-1.67,-0.70
Jarrett Culver,2,-0.1,-0.1,-2.39,-1.96,-0.42
Alfonzo McKinnie,4,0.0,0.0,-2.33,-1.49,-0.84
Allen Iverson,1,0.0,0.0,-2.39,-1.46,-0.93
Dominic McGuire,4,-0.1,0.0,-2.39,-2.68,+0.29
Travis Outlaw,5,-0.3,-0.1,-2.39,-1.38,-1.01
Lonnie Walker IV,3,-1.0,-0.3,-2.87,-1.19,-1.68
Jonathon Simmons,4,-0.4,-0.1,-2.41,-1.52,-0.88
Marquis Daniels,4,-0.2,-0.1,-2.41,-2.42,+0.00
Keita Bates-Diop,3,0.0,0.0,-2.30,-1.70,-0.60
Johan Petro,4,-0.2,0.0,-2.42,-3.15,+0.74
Chasson Randle,4,-0.6,-0.1,-2.78,-1.74,-1.04
Charles Jenkins,2,-0.1,-0.1,-2.43,-1.69,-0.74
Michael Redd,3,-0.1,0.0,-2.43,-0.41,-2.02
J.R. Giddens,1,0.0,0.0,-2.43,-2.16,-0.28
Kevin Ollie,1,0.0,0.0,-2.44,-2.02,-0.42
Isaiah Roby,2,-0.4,-0.2,-2.68,-2.69,+0.01
Derrick Caracter,1,0.0,0.0,-2.46,-1.74,-0.72
Fabricio Oberto,2,-0.1,0.0,-2.46,-2.48,+0.02
Al Thornton,2,-0.4,-0.2,-2.48,-1.67,-0.81
Carlos Arroyo,2,-0.3,-0.1,-2.48,-1.90,-0.58
Ian Clark,6,-0.5,-0.1,-2.48,-0.83,-1.66
Gary Forbes,2,-0.2,-0.1,-2.48,-1.02,-1.47
Morris Peterson,2,-0.1,-0.1,-2.49,-1.65,-0.84
Erick Green,2,-0.1,0.0,-2.49,-0.66,-1.83
Perry Jones III,3,-0.2,-0.1,-2.50,-1.78,-0.73
Semih Erden,2,-0.1,-0.1,-2.51,-2.68,+0.16
Joe Young,3,-0.1,0.0,-2.51,-0.87,-1.64
Marquis Teague,3,-0.1,0.0,-2.52,-2.26,-0.26
Sam Young,4,-0.5,-0.1,-2.53,-1.78,-0.76
Gal Mekel,2,0.0,0.0,-2.53,-1.43,-1.11
Hakim Warrick,4,-0.6,-0.1,-2.54,-0.96,-1.58
MarShon Brooks,5,-0.6,-0.1,-2.55,-0.92,-1.63
Terrence Williams,4,-0.5,-0.1,-2.56,-1.60,-0.97
Anthony Bennett,4,-0.3,-0.1,-2.56,-1.75,-0.82
Kevin Seraphin,7,-1.0,-0.1,-2.58,-2.77,+0.19
Rafer Alston,1,-0.3,-0.3,-2.59,-3.10,+0.52
James White,1,-0.1,-0.1,-2.59,-1.95,-0.64
Rashad Vaughn,3,-0.3,-0.1,-2.61,-1.77,-0.84
Earl Clark,6,-0.7,-0.1,-2.62,-2.66,+0.04
Frank Jackson,3,-0.5,-0.2,-2.56,-0.78,-1.78
R.J. Hampton,1,-0.5,-0.5,-3.13,-1.52,-1.61
Acie Law,2,-0.2,-0.1,-2.64,-1.55,-1.08
Joe Smith,2,-0.1,-0.1,-2.65,-1.58,-1.06
Jason Kapono,3,-0.3,-0.1,-2.67,-1.09,-1.58
Tony Wroten,4,-0.7,-0.2,-2.67,-0.93,-1.74
Antonio Blakeney,2,-0.3,-0.1,-2.68,-1.23,-1.45
Isaiah Briscoe,1,-0.1,-0.1,-2.69,-2.48,-0.21
Darius Morris,4,-0.4,-0.1,-2.70,-1.98,-0.72
Josh Selby,2,-0.1,0.0,-2.72,-1.88,-0.84
Nik Stauskas,5,-1.9,-0.4,-2.73,-1.10,-1.63
Walker Russell,1,-0.1,-0.1,-2.73,-2.25,-0.48
Ky Bowman,1,-0.3,-0.3,-2.73,-2.85,+0.12
Wayne Selden,3,-0.7,-0.2,-2.74,-1.44,-1.30
Norris Cole,6,-2.3,-0.4,-2.75,-1.46,-1.30
James Anderson,5,-1.3,-0.3,-2.76,-1.74,-1.02
Dahntay Jones,7,-1.4,-0.2,-2.77,-2.02,-0.75
Damjan Rudez,3,-0.5,-0.2,-2.78,-1.42,-1.36
Adreian Payne,4,-0.4,-0.1,-2.80,-2.01,-0.79
Collin Sexton,3,-1.6,-0.5,-2.68,-0.04,-2.64
Jonathan Bender,1,-0.1,-0.1,-2.84,-2.44,-0.40
Darius Garland,2,-0.5,-0.2,-2.51,-1.04,-1.48
Diante Garrett,2,-0.4,-0.2,-2.85,-1.99,-0.86
Melvin Ely,2,-0.1,-0.1,-2.86,-2.16,-0.70
Terrance Ferguson,4,-1.5,-0.4,-2.87,-2.40,-0.46
Maurice Evans,3,-1.2,-0.4,-2.89,-1.62,-1.27
Wade Baldwin IV,3,-0.2,-0.1,-2.89,-2.39,-0.50
Doron Lamb,2,-0.5,-0.3,-2.91,-1.94,-0.97
Bobby Brown,3,-0.3,-0.1,-2.92,-1.33,-1.59
Nick Johnson,1,-0.1,-0.1,-2.92,-1.71,-1.21
Deonte Burton,2,-0.2,-0.1,-2.93,-2.79,-0.13
Dwayne Bacon,4,-2.6,-0.6,-3.29,-2.25,-1.03
Sonny Weems,3,-1.3,-0.4,-2.93,-1.49,-1.44
Sasha Pavlovic,4,-0.9,-0.2,-2.93,-2.93,+0.00
Etan Thomas,2,-0.2,-0.1,-2.94,-2.78,-0.15
Adam Morrison,1,-0.1,-0.1,-2.95,-1.90,-1.05
Michael Finley,1,-0.3,-0.3,-2.99,-1.29,-1.70
Lance Thomas,9,-3.3,-0.4,-2.99,-1.97,-1.02
Semaj Christon,1,-0.4,-0.4,-3.00,-1.46,-1.53
Brian Scalabrine,3,-0.3,-0.1,-3.01,-2.25,-0.76
Jordan Poole,2,-0.9,-0.4,-2.90,-1.35,-1.55
Paul Zipser,2,-0.8,-0.4,-3.03,-2.91,-0.12
Tyshawn Taylor,2,-0.2,-0.1,-3.03,-1.94,-1.10
Jermaine Taylor,2,-0.4,-0.2,-3.04,-1.56,-1.48
Abdel Nader,4,-1.2,-0.3,-3.04,-2.48,-0.55
Jacob Evans,2,-0.3,-0.2,-3.10,-2.85,-0.25
James Wiseman,1,-0.5,-0.5,-3.27,-3.03,-0.24
Jabari Brown,1,-0.3,-0.3,-3.13,-1.01,-2.13
Quinton Ross,2,-0.5,-0.3,-3.15,-3.16,+0.01
Juwan Howard,4,-1.4,-0.4,-3.19,-2.06,-1.13
Semi Ojeleye,4,-2.0,-0.5,-3.14,-2.49,-0.65
Patrick McCaw,5,-2.0,-0.4,-3.24,-2.39,-0.84
Byron Mullens,5,-2.1,-0.4,-3.24,-1.21,-2.03
Raja Bell,3,-1.9,-0.6,-3.24,-1.74,-1.49
DeQuan Jones,1,-0.5,-0.5,-3.24,-1.87,-1.37
Joey Graham,2,-0.8,-0.4,-3.26,-2.76,-0.50
Zeke Nnaji,1,-0.3,-0.3,-3.42,-1.88,-1.54
Jeffery Taylor,3,-1.6,-0.5,-3.29,-2.46,-0.83
Allonzo Trier,2,-1.1,-0.6,-3.29,-1.53,-1.76
Mardy Collins,1,-0.3,-0.3,-3.33,-3.37,+0.04
Ricky Davis,1,-0.3,-0.3,-3.37,-1.82,-1.55
Aleksej Pokusevski,1,-1.3,-1.3,-4.10,-3.21,-0.90
Terrel Harris,2,-0.3,-0.2,-3.39,-2.57,-0.82
Hollis Thompson,4,-4.5,-1.1,-3.39,-1.83,-1.56
Nolan Smith,2,-0.6,-0.3,-3.42,-2.27,-1.15
Patrick Williams,1,-1.6,-1.6,-3.51,-3.14,-0.37
Johnny O'Bryant III,4,-1.3,-0.3,-3.48,-2.45,-1.03
Stephen Graham,2,-1.3,-0.7,-3.49,-2.55,-0.94
Jarvis Hayes,1,-0.9,-0.9,-3.70,-2.01,-1.70
Jawad Williams,2,-1.1,-0.5,-3.74,-2.41,-1.33
Jonny Flynn,3,-3.5,-1.2,-3.75,-1.60,-2.15
Elliot Williams,4,-1.4,-0.3,-3.78,-2.32,-1.46
Isaac Okoro,1,-1.8,-1.8,-3.57,-2.64,-0.93
Anfernee Simons,3,-2.2,-0.7,-3.57,-0.98,-2.59
Andrew Goudelock,3,-0.5,-0.2,-3.89,-1.72,-2.17
Sekou Doumbouya,2,-1.7,-0.8,-3.91,-2.36,-1.55
Jeremy Pargo,3,-1.3,-0.4,-4.08,-2.61,-1.48
Kevin Knox II,3,-4.5,-1.5,-4.17,-2.38,-1.78
Malik Allen,2,-0.8,-0.4,-4.21,-2.92,-1.29
Kobi Simmons,2,-0.8,-0.4,-4.23,-2.09,-2.14
Cory Higgins,2,-0.6,-0.3,-4.37,-3.15,-1.22
Theo Maledon,1,-2.7,-2.7,-4.63,-3.52,-1.12
Josh Powell,3,-2.4,-0.8,-5.37,-3.52,-1.85
Trenton Hassell,1,-2.2,-2.2,-5.43,-4.33,-1.10